time,Bx,By,Bz,BT
0.005632,-5.76,-22.58,-19.80,30.57
0.015652,-5.68,-22.31,-19.88,30.42
0.035891,-5.79,-22.58,-19.86,30.62
0.036246,-5.85,-22.56,-19.69,30.51
0.045104,-5.74,-22.56,-19.80,30.56
0.054451,-5.81,-22.26,-19.74,30.31
0.064454,-5.72,-22.26,-19.67,30.25
0.074963,-5.57,-22.48,-19.69,30.40
0.084597,-5.46,-22.29,-19.71,30.25
0.095501,-5.68,-22.35,-19.58,30.25
0.104404,-5.74,-22.29,-19.50,30.17
0.114554,-5.76,-22.37,-19.74,30.39
0.124418,-5.74,-22.35,-19.58,30.26
0.135022,-5.57,-22.56,-19.61,30.40
0.144454,-5.94,-22.56,-19.71,30.54
0.154527,-5.96,-22.31,-19.56,30.26
0.164786,-5.96,-22.78,-19.50,30.57
0.174868,-5.81,-22.67,-19.58,30.51
0.184558,-5.78,-22.67,-19.58,30.50
0.196365,-5.57,-22.50,-19.37,30.21
0.204394,-5.74,-22.54,-19.41,30.29
0.214911,-5.91,-22.63,-19.41,30.39
0.224368,-5.66,-22.67,-19.59,30.49
0.234538,-5.87,-22.65,-19.88,30.70
0.245652,-5.94,-22.28,-19.99,30.51
0.255369,-5.79,-22.31,-20.04,30.55
0.265220,-5.72,-22.24,-20.21,30.59
0.276284,-5.81,-22.37,-20.38,30.81
0.285722,-5.94,-22.11,-20.31,30.60
0.294926,-5.98,-21.98,-20.23,30.46
0.304535,-5.96,-21.90,-20.10,30.32
0.316268,-5.87,-22.05,-20.10,30.41
0.324458,-5.93,-22.29,-19.86,30.44
0.334575,-6.34,-22.24,-19.86,30.48
0.345461,-6.43,-22.35,-19.91,30.62
0.354586,-6.53,-22.31,-19.86,30.57
0.364969,-6.36,-22.59,-19.93,30.79
0.375192,-6.39,-22.65,-19.88,30.80
0.385756,-6.38,-22.67,-19.69,30.69
0.394671,-6.30,-22.52,-19.80,30.64
0.406614,-6.21,-22.59,-20.10,30.87
0.414830,-6.02,-22.74,-19.99,30.87
0.425103,-5.87,-22.74,-19.82,30.73
0.435301,-5.70,-22.67,-19.86,30.67
0.444832,-5.74,-22.67,-19.76,30.62
0.455498,-5.74,-22.58,-19.86,30.61
0.464840,-5.79,-22.67,-20.14,30.87
0.479933,-5.62,-22.86,-19.91,30.83
0.485527,-5.36,-22.73,-19.69,30.54
0.496199,-5.33,-22.73,-19.78,30.60
0.506205,-5.36,-22.54,-19.63,30.37
0.515769,-5.48,-22.43,-19.65,30.31
0.524858,-5.31,-22.43,-19.61,30.26
0.534731,-5.14,-22.46,-19.50,30.19
0.544378,-5.21,-22.43,-19.39,30.10
0.554524,-5.49,-22.29,-19.37,30.04
0.564389,-5.61,-22.14,-19.43,29.99
0.574442,-5.53,-21.98,-19.37,29.81
0.584392,-5.48,-22.01,-19.37,29.83
0.594822,-5.36,-22.37,-19.33,30.05
0.604489,-5.61,-22.22,-19.52,30.10
0.614533,-5.64,-22.37,-19.37,30.12
0.624572,-5.70,-22.28,-19.09,29.88
0.634537,-5.76,-22.35,-19.16,30.00
0.644528,-5.76,-22.35,-19.16,30.00
0.654865,-5.96,-22.44,-19.39,30.25
0.664927,-6.13,-22.44,-19.48,30.35
0.674850,-6.15,-22.05,-19.63,30.16
0.684380,-6.02,-22.05,-19.44,30.01
0.694864,-6.15,-22.05,-19.65,30.17
0.704534,-5.87,-22.12,-19.71,30.20
0.714609,-5.93,-22.14,-19.73,30.24
0.725384,-6.06,-22.41,-19.67,30.42
0.735302,-5.94,-22.43,-19.46,30.28
0.745700,-5.76,-22.52,-19.16,30.12
0.755802,-5.87,-22.78,-19.14,30.33
0.765069,-5.79,-22.78,-19.31,30.42
0.775764,-5.55,-22.74,-19.29,30.34
0.784162,-5.46,-22.71,-19.50,30.42
0.794728,-5.38,-22.58,-19.50,30.31
0.804533,-5.53,-22.46,-19.44,30.22
0.814785,-5.51,-22.52,-19.54,30.32
0.824475,-5.64,-22.43,-19.84,30.47
0.834713,-5.49,-22.54,-19.69,30.43
0.844449,-5.46,-22.73,-19.65,30.53
0.854840,-5.61,-22.58,-19.71,30.49
0.864496,-5.78,-22.48,-19.67,30.42
0.878299,-5.64,-22.46,-19.67,30.39
0.884432,-5.29,-22.24,-19.67,30.15
0.894826,-5.25,-22.03,-19.59,29.95
0.904550,-5.38,-22.05,-19.59,29.98
0.914747,-5.51,-21.98,-19.39,29.82
0.924468,-5.78,-21.86,-19.56,29.90
0.934700,-5.68,-21.86,-19.61,29.91
0.944783,-5.76,-21.86,-19.74,30.02
0.954598,-5.96,-22.09,-19.61,30.13
0.968475,-6.23,-22.14,-19.74,30.31
0.975558,-6.39,-22.44,-19.65,30.51
0.985713,-6.17,-22.58,-19.48,30.45
0.995606,-6.23,-22.56,-19.63,30.54
1.005010,-6.06,-22.63,-19.44,30.45
1.014474,-6.23,-22.63,-19.41,30.46
1.024528,-6.17,-22.69,-19.18,30.34
1.034717,-6.06,-22.43,-19.35,30.23
1.044628,-5.94,-22.41,-19.24,30.12
1.054607,-5.96,-22.07,-19.31,29.93
1.064563,-6.04,-21.90,-19.31,29.82
1.074807,-5.98,-21.75,-19.39,29.74
1.084301,-5.96,-21.69,-19.44,29.74
1.094655,-5.79,-21.94,-19.43,29.87
1.104363,-5.85,-22.01,-19.48,29.97
1.114559,-5.76,-22.22,-19.50,30.12
1.124358,-5.93,-22.16,-19.56,30.15
1.134689,-5.81,-22.24,-19.46,30.12
1.144609,-5.85,-22.44,-19.56,30.34
1.154527,-5.89,-22.65,-19.43,30.41
1.164488,-5.93,-22.73,-19.52,30.54
1.174884,-5.96,-22.61,-19.39,30.38
1.184257,-5.78,-22.56,-19.41,30.31
1.194733,-6.04,-22.50,-19.31,30.26
1.205787,-6.06,-22.71,-19.35,30.44
1.215262,-5.98,-22.95,-19.58,30.75
1.225508,-6.00,-22.89,-19.63,30.75
1.235693,-5.98,-22.69,-19.84,30.72
1.245010,-6.11,-22.50,-19.78,30.58
1.254969,-6.11,-22.44,-19.88,30.60
1.264704,-6.23,-22.59,-19.89,30.74
1.275071,-6.24,-22.52,-19.78,30.62
1.284217,-6.24,-22.56,-19.91,30.73
1.294842,-6.30,-22.41,-19.63,30.45
1.304706,-6.23,-22.28,-19.63,30.34
1.314657,-6.21,-22.43,-19.71,30.49
1.324330,-6.06,-22.31,-19.69,30.37
1.334807,-6.19,-22.29,-19.41,30.20
1.344501,-6.08,-22.12,-19.50,30.11
1.354581,-6.11,-22.31,-19.63,30.34
1.364354,-6.00,-21.99,-19.59,30.06
1.376446,-5.91,-22.07,-19.99,30.35
1.384306,-5.83,-21.99,-20.06,30.34
1.394715,-5.89,-21.73,-20.06,30.16
1.404832,-6.11,-21.64,-20.08,30.15
1.414753,-6.11,-21.60,-20.29,30.26
1.424490,-6.21,-21.66,-20.55,30.49
1.434496,-6.04,-21.47,-20.49,30.29
1.445540,-5.93,-21.79,-20.42,30.44
1.455371,-5.94,-21.66,-20.23,30.23
1.465476,-5.83,-21.75,-20.01,30.12
1.479674,-5.76,-21.88,-19.88,30.12
1.484904,-5.48,-22.24,-19.84,30.30
1.494709,-5.21,-22.22,-19.84,30.24
1.504550,-5.08,-22.18,-19.61,30.04
1.514672,-5.21,-22.18,-19.67,30.10
1.524495,-5.31,-21.86,-19.67,29.88
1.534892,-5.40,-21.86,-19.59,29.85
1.544674,-5.81,-21.84,-19.73,30.00
1.554963,-5.83,-21.94,-19.84,30.15
1.564467,-5.89,-21.81,-19.89,30.10
1.574637,-6.19,-21.66,-19.91,30.06
1.584469,-6.41,-21.77,-19.86,30.15
1.594849,-6.41,-21.73,-19.80,30.09
1.604663,-6.43,-22.18,-19.73,30.37
1.614667,-6.53,-22.24,-19.63,30.37
1.624665,-6.36,-22.31,-19.52,30.32
1.634604,-6.41,-22.24,-19.48,30.25
1.644701,-6.69,-22.07,-19.41,30.14
1.654716,-6.58,-22.43,-19.56,30.47
1.665506,-6.54,-22.18,-19.48,30.24
1.674911,-6.45,-22.24,-19.56,30.31
1.685537,-6.47,-21.99,-19.82,30.30
1.695639,-6.26,-22.05,-19.97,30.40
1.705691,-6.36,-22.09,-20.03,30.48
1.715349,-6.34,-22.14,-19.84,30.40
1.725122,-6.17,-22.37,-19.80,30.50
1.734671,-6.04,-22.24,-19.58,30.23
1.744485,-6.17,-22.24,-19.71,30.35
1.754610,-6.09,-22.29,-19.74,30.40
1.764430,-6.19,-22.39,-19.74,30.48
1.776913,-6.34,-22.16,-19.97,30.50
1.784545,-6.24,-21.99,-20.10,30.44
1.794741,-6.26,-22.12,-20.33,30.69
1.804484,-6.23,-21.86,-20.55,30.64
1.814901,-6.45,-21.98,-20.79,30.93
1.824525,-6.38,-22.16,-20.64,30.95
1.834691,-6.32,-22.07,-20.91,31.05
1.844752,-6.19,-21.94,-20.83,30.88
1.854610,-5.98,-22.05,-20.62,30.78
1.864564,-6.13,-21.92,-20.55,30.66
1.878432,-6.00,-21.92,-20.46,30.58
1.884824,-5.85,-22.28,-20.36,30.74
1.895108,-5.78,-22.07,-20.25,30.50
1.904544,-6.00,-21.79,-20.44,30.47
1.914575,-6.08,-21.66,-20.23,30.25
1.925831,-6.00,-21.79,-20.36,30.42
1.935487,-6.08,-21.84,-20.55,30.60
1.945598,-6.02,-22.05,-20.62,30.79
1.955671,-6.17,-22.01,-20.83,30.93
1.964710,-6.15,-21.99,-20.79,30.89
1.981901,-6.11,-22.14,-20.78,30.97
1.984608,-5.78,-22.37,-20.74,31.04
1.994535,-5.62,-22.56,-20.61,31.07
2.004437,-5.87,-22.56,-20.31,30.91
2.014581,-6.06,-22.56,-20.40,31.01
2.024350,-5.93,-22.48,-20.40,30.93
2.034673,-5.85,-22.56,-20.25,30.87
2.044479,-5.98,-22.39,-20.06,30.65
2.054654,-5.94,-22.44,-20.01,30.65
2.064555,-5.98,-22.48,-19.88,30.60
2.075911,-6.17,-22.63,-19.93,30.78
2.084485,-6.02,-22.52,-19.88,30.63
2.094906,-5.83,-22.33,-19.59,30.28
2.104811,-5.91,-22.46,-19.46,30.30
2.114738,-5.76,-22.46,-19.12,30.06
2.124595,-5.78,-22.44,-19.24,30.12
2.134696,-5.76,-22.39,-19.26,30.09
2.144785,-5.64,-22.37,-19.28,30.06
2.154705,-5.61,-22.39,-19.24,30.05
2.165472,-5.57,-22.52,-19.18,30.10
2.175533,-5.72,-22.63,-19.28,30.27
2.185524,-5.66,-22.71,-19.54,30.49
2.195571,-5.94,-22.61,-19.71,30.58
2.204843,-5.85,-22.73,-19.69,30.63
2.214581,-5.94,-22.65,-19.78,30.65
2.224535,-5.94,-22.54,-20.19,30.84
2.234665,-5.76,-22.39,-19.91,30.51
2.244504,-5.68,-22.33,-20.25,30.68
2.254956,-5.72,-22.31,-20.27,30.68
2.265295,-5.85,-22.12,-19.93,30.35
2.276760,-5.62,-21.96,-19.84,30.12
2.284509,-5.85,-21.92,-19.88,30.16
2.294813,-5.98,-22.01,-19.84,30.23
2.304502,-6.08,-22.03,-19.48,30.03
2.314704,-6.26,-22.16,-19.95,30.47
2.324462,-6.11,-22.18,-19.74,30.32
2.334503,-5.85,-22.01,-19.48,29.97
2.344739,-5.74,-22.07,-19.73,30.15
2.354666,-5.76,-22.09,-20.01,30.35
2.364465,-5.64,-21.98,-19.95,30.21
2.377460,-5.36,-21.90,-19.74,29.97
2.385168,-5.51,-22.05,-19.63,30.03
2.394494,-5.51,-21.92,-19.63,29.94
2.405276,-5.93,-21.77,-19.67,29.93
2.415754,-6.21,-21.96,-19.88,30.26
2.425447,-6.23,-22.12,-19.61,30.21
2.435399,-6.30,-22.35,-19.46,30.30
2.444989,-6.24,-22.33,-19.52,30.31
2.454673,-6.32,-22.33,-19.65,30.41
2.464428,-6.02,-22.29,-19.69,30.35
2.480167,-6.08,-22.35,-19.54,30.30
2.484517,-5.81,-22.48,-19.43,30.27
2.494775,-5.68,-22.29,-19.24,29.99
2.504731,-5.85,-22.11,-19.14,29.82
2.514651,-6.04,-22.12,-19.16,29.89
2.524521,-5.96,-22.05,-19.14,29.80
2.534841,-5.68,-22.22,-19.16,29.89
2.544500,-5.98,-22.31,-19.12,29.99
2.554633,-5.57,-22.26,-18.99,29.78
2.564585,-5.64,-22.37,-18.88,29.81
2.575262,-5.72,-22.37,-18.98,29.89
2.584622,-5.40,-22.24,-19.22,29.88
2.594963,-5.21,-22.22,-19.26,29.86
2.604516,-5.06,-22.44,-19.39,30.09
2.614700,-5.33,-22.31,-19.41,30.05
2.624439,-5.04,-22.33,-19.67,30.18
2.634807,-5.27,-22.46,-19.74,30.37
2.645648,-5.18,-22.20,-19.80,30.19
2.655403,-5.03,-22.26,-19.69,30.14
2.665437,-5.10,-22.50,-19.69,30.33
2.675776,-5.08,-22.39,-19.80,30.32
2.684636,-5.04,-22.26,-19.76,30.19
2.694828,-4.97,-22.33,-19.65,30.16
2.704628,-5.03,-22.12,-19.41,29.86
2.714566,-5.08,-22.11,-19.46,29.89
2.724483,-5.29,-22.39,-19.67,30.27
2.734565,-5.44,-22.59,-19.91,30.60
2.744638,-5.33,-22.48,-19.82,30.44
2.754695,-5.42,-22.46,-19.73,30.38
2.764373,-5.70,-22.58,-19.65,30.47
2.775835,-6.04,-22.69,-19.84,30.74
2.784541,-6.11,-22.78,-20.06,30.97
2.794642,-6.11,-22.61,-19.95,30.77
2.804553,-6.00,-22.73,-19.80,30.73
2.814725,-5.66,-22.74,-19.65,30.59
2.824676,-5.68,-22.91,-19.71,30.75
2.834904,-5.36,-23.04,-19.52,30.67
2.844450,-5.29,-23.03,-19.41,30.57
2.855260,-5.04,-22.67,-19.35,30.23
2.865007,-4.93,-22.80,-19.22,30.22
2.875993,-5.34,-22.63,-19.35,30.25
2.885435,-5.33,-22.44,-19.52,30.22
2.895491,-5.61,-22.37,-19.33,30.09
2.905547,-5.62,-22.41,-19.22,30.05
2.915408,-5.81,-22.37,-19.29,30.11
2.924652,-5.93,-22.28,-19.54,30.22
2.934524,-6.04,-22.48,-19.52,30.38
2.944505,-6.17,-22.16,-19.44,30.12
2.954634,-6.06,-22.58,-19.31,30.32
2.964406,-6.15,-22.59,-19.29,30.34
2.978826,-6.34,-22.56,-19.54,30.51
2.984301,-6.49,-22.26,-19.67,30.40
2.994490,-6.68,-22.20,-19.84,30.51
3.004388,-6.60,-22.16,-19.80,30.44
3.014668,-6.54,-22.05,-19.91,30.42
3.024563,-6.58,-22.09,-20.01,30.52
3.034734,-6.51,-21.79,-19.97,30.26
3.044812,-6.45,-21.68,-20.04,30.22
3.054528,-6.11,-21.58,-20.27,30.23
3.071041,-6.00,-21.60,-20.21,30.18
3.076353,-5.98,-21.60,-20.40,30.31
3.084309,-6.06,-21.60,-20.31,30.26
3.094803,-6.11,-21.75,-20.33,30.39
3.104493,-6.11,-21.77,-20.18,30.30
3.114777,-6.19,-21.75,-20.33,30.40
3.125294,-6.17,-21.66,-20.14,30.21
3.135442,-6.21,-21.92,-19.91,30.26
3.145583,-6.43,-22.31,-19.95,30.61
3.156226,-6.38,-22.24,-19.95,30.55
3.165198,-6.43,-22.28,-20.04,30.65
3.175991,-6.54,-22.37,-20.18,30.83
3.184373,-6.54,-22.46,-20.34,31.00
3.194673,-6.47,-22.48,-20.62,31.19
3.204517,-6.39,-22.67,-20.85,31.46
3.214594,-6.39,-22.35,-21.08,31.38
3.224507,-6.21,-22.07,-21.23,31.24
3.234736,-6.30,-22.01,-21.00,31.07
3.244442,-6.04,-22.01,-21.00,31.02
3.254568,-6.17,-21.77,-20.93,30.82
3.264487,-6.17,-21.88,-21.04,30.97
3.274602,-6.04,-21.99,-20.89,30.93
3.285381,-6.17,-21.92,-21.04,31.00
3.294602,-6.43,-22.12,-21.04,31.20
3.304442,-6.51,-22.16,-21.04,31.24
3.314721,-6.32,-22.31,-21.15,31.39
3.324475,-6.51,-22.41,-21.21,31.53
3.334588,-6.26,-22.41,-21.15,31.44
3.344524,-6.34,-22.22,-21.17,31.34
3.354636,-6.26,-22.07,-21.09,31.16
3.365476,-6.28,-22.16,-20.79,31.03
3.376694,-6.21,-22.22,-20.53,30.88
3.385258,-6.19,-22.41,-20.48,30.98
3.395310,-6.24,-22.56,-20.53,31.13
3.404573,-6.19,-22.48,-20.51,31.06
3.414466,-6.00,-22.54,-20.53,31.07
3.424348,-6.00,-22.54,-20.46,31.02
3.434582,-5.89,-22.56,-20.49,31.04
3.444614,-5.83,-22.41,-20.51,30.93
3.455741,-5.76,-22.41,-20.44,30.87
3.465169,-5.51,-22.22,-20.27,30.58
3.474636,-5.57,-22.09,-20.14,30.40
3.486495,-5.59,-22.26,-20.23,30.59
3.494791,-5.66,-22.33,-19.95,30.48
3.504455,-5.57,-22.33,-19.74,30.32
3.514662,-5.66,-22.48,-19.52,30.31
3.524361,-5.72,-22.50,-19.58,30.37
3.534541,-5.76,-22.35,-19.50,30.21
3.544401,-5.96,-22.24,-19.50,30.17
3.554525,-6.00,-22.22,-19.33,30.06
3.564302,-5.96,-21.96,-19.24,29.79
3.575755,-6.04,-22.01,-19.37,29.94
3.584439,-5.81,-22.14,-19.35,29.98
3.596870,-5.79,-22.18,-19.63,30.18
3.605399,-5.57,-22.20,-19.52,30.08
3.615274,-5.51,-22.29,-19.58,30.18
3.625410,-5.49,-22.28,-19.69,30.23
3.635101,-5.25,-22.56,-19.58,30.32
3.644676,-5.25,-22.56,-19.54,30.30
3.654523,-5.06,-22.65,-19.48,30.30
3.664451,-5.34,-22.63,-19.43,30.30
3.680646,-5.64,-22.71,-19.22,30.28
3.688599,-5.81,-22.67,-19.24,30.29
3.694608,-5.66,-22.86,-19.33,30.47
3.704407,-5.57,-22.95,-19.31,30.51
3.714691,-5.61,-22.65,-19.73,30.55
3.724496,-5.81,-22.84,-19.63,30.67
3.734696,-6.21,-22.69,-19.74,30.71
3.744555,-6.19,-22.84,-19.89,30.91
3.754590,-5.87,-22.50,-19.88,30.59
3.764439,-5.89,-22.43,-20.03,30.64
3.774672,-5.94,-22.31,-19.95,30.52
3.784644,-6.08,-22.44,-19.82,30.55
3.794680,-6.19,-22.59,-19.59,30.54
3.804456,-5.93,-22.73,-19.48,30.51
3.814746,-5.68,-22.65,-19.26,30.27
3.824524,-5.83,-22.29,-19.24,30.02
3.834675,-5.91,-22.56,-19.20,30.20
3.845510,-5.76,-22.82,-19.03,30.27
3.855490,-5.83,-22.71,-19.09,30.23
3.865358,-5.57,-22.48,-19.31,30.16
3.875307,-5.38,-22.22,-19.31,29.93
3.885015,-5.38,-22.11,-19.41,29.90
3.894477,-5.36,-22.07,-19.67,30.04
3.904465,-4.95,-22.26,-19.63,30.09
3.914475,-5.18,-22.26,-19.91,30.31
3.924451,-5.33,-21.92,-19.84,30.04
3.934535,-5.40,-22.05,-19.71,30.06
3.944601,-5.68,-22.07,-19.50,29.99
3.954652,-5.93,-22.09,-19.48,30.04
3.964550,-5.81,-22.16,-19.37,30.00
3.974547,-5.89,-22.14,-19.26,29.93
3.989380,-6.08,-22.09,-19.31,29.96
3.994563,-5.85,-21.92,-19.33,29.81
4.004247,-5.78,-21.99,-19.37,29.87
4.014676,-5.62,-21.83,-19.54,29.83
4.024399,-5.51,-21.90,-19.80,30.03
4.034533,-5.44,-21.99,-19.65,29.99
4.044517,-5.49,-21.79,-19.89,30.01
4.054601,-5.61,-21.94,-19.93,30.17
4.064424,-5.68,-21.94,-20.06,30.27
4.075562,-5.66,-21.83,-20.01,30.14
4.088223,-5.59,-21.92,-20.23,30.35
4.095316,-5.57,-21.94,-20.38,30.46
4.105565,-5.72,-21.94,-20.16,30.34
4.115224,-5.78,-21.94,-20.31,30.45
4.125029,-5.81,-22.18,-20.08,30.48
4.134330,-5.78,-22.03,-20.14,30.40
4.144495,-5.72,-22.07,-20.06,30.37
4.154590,-5.83,-22.35,-20.04,30.58
4.164430,-5.85,-22.37,-20.03,30.59
4.174840,-5.96,-22.52,-19.78,30.56
4.189476,-5.79,-22.46,-19.73,30.45
4.194679,-5.93,-22.37,-19.93,30.54
4.204327,-6.04,-22.07,-19.84,30.28
4.214733,-5.83,-22.11,-19.84,30.27
4.224452,-5.68,-22.39,-19.91,30.50
4.234772,-5.57,-22.24,-19.88,30.34
4.244553,-5.57,-22.33,-19.73,30.31
4.254495,-5.61,-22.41,-19.97,30.53
4.265065,-5.79,-22.56,-20.19,30.82
4.274680,-5.62,-22.59,-19.89,30.62
4.286838,-5.46,-22.76,-20.12,30.87
4.294769,-5.46,-22.69,-20.21,30.87
4.304415,-5.66,-22.33,-20.08,30.56
4.314743,-5.81,-22.39,-20.21,30.72
4.325350,-5.94,-22.33,-20.21,30.70
4.335182,-5.93,-22.07,-20.12,30.45
4.345679,-5.89,-22.07,-19.86,30.26
4.355094,-5.93,-22.03,-19.93,30.29
4.364595,-6.06,-21.92,-19.95,30.25
4.374674,-6.11,-22.01,-19.91,30.31
4.384491,-5.96,-21.92,-19.84,30.16
4.394500,-5.89,-21.83,-19.63,29.94
4.404329,-5.83,-21.77,-19.69,29.92
4.414573,-5.83,-21.71,-19.50,29.76
4.424580,-5.48,-21.49,-19.67,29.64
4.434627,-5.38,-21.62,-19.76,29.78
4.444396,-5.27,-21.81,-19.73,29.87
4.454609,-5.19,-21.90,-19.67,29.89
4.464392,-5.36,-21.99,-19.76,30.05
4.475219,-5.33,-22.20,-19.71,30.16
4.485591,-5.44,-22.35,-19.78,30.34
4.494504,-5.51,-22.48,-19.91,30.53
4.504615,-5.96,-22.69,-20.01,30.83
4.514670,-6.02,-22.50,-20.16,30.80
4.524389,-6.02,-22.31,-20.04,30.59
4.534451,-6.36,-22.31,-19.99,30.62
4.544565,-6.19,-22.48,-19.93,30.67
4.555724,-5.98,-22.31,-20.04,30.58
4.565794,-5.76,-22.28,-19.95,30.45
4.575420,-5.72,-22.50,-19.74,30.48
4.588861,-5.61,-22.59,-19.80,30.56
4.595175,-5.53,-22.78,-19.56,30.53
4.604581,-5.85,-22.88,-19.63,30.71
4.614393,-5.64,-22.91,-19.50,30.61
4.624322,-5.68,-22.84,-19.58,30.61
4.634560,-5.89,-22.69,-19.43,30.44
4.644443,-6.02,-22.74,-19.35,30.46
4.654617,-5.98,-22.65,-19.58,30.53
4.664405,-6.06,-22.41,-19.44,30.28
4.674694,-6.04,-22.35,-19.43,30.22
4.688516,-5.83,-22.28,-19.37,30.09
4.696608,-5.83,-22.22,-19.52,30.14
4.704303,-5.91,-22.16,-19.39,30.03
4.714639,-5.98,-22.50,-19.54,30.39
4.724470,-5.87,-22.35,-19.65,30.33
4.734474,-5.76,-22.35,-19.37,30.13
4.744461,-5.48,-22.33,-19.41,30.09
4.754593,-5.74,-22.24,-19.39,30.05
4.764400,-5.78,-22.52,-19.35,30.25
4.781660,-5.76,-22.52,-19.52,30.35
4.787234,-5.91,-22.59,-19.54,30.45
4.795475,-5.83,-22.33,-19.46,30.19
4.805476,-5.83,-22.50,-19.52,30.35
4.815341,-6.08,-22.31,-19.74,30.41
4.825423,-6.43,-22.31,-19.91,30.59
4.835309,-6.47,-22.33,-20.23,30.82
4.844677,-6.30,-22.12,-20.31,30.68
4.854456,-6.17,-22.16,-20.16,30.59
4.864561,-6.09,-21.94,-20.23,30.46
4.874714,-6.11,-21.96,-20.06,30.36
4.885619,-6.13,-21.84,-19.86,30.15
4.894485,-6.19,-22.12,-19.80,30.33
4.904516,-6.04,-22.39,-19.65,30.39
4.914717,-5.96,-22.29,-19.48,30.20
4.924417,-6.41,-22.35,-19.48,30.33
4.934634,-6.56,-22.07,-19.44,30.14
4.944593,-6.56,-22.48,-19.50,30.47
4.954882,-6.56,-22.59,-19.63,30.64
4.964431,-6.56,-22.48,-19.97,30.78
4.974556,-6.38,-22.07,-20.04,30.49
4.984965,-6.32,-21.88,-20.16,30.41
4.994847,-6.02,-22.18,-20.10,30.53
5.004396,-5.68,-21.94,-20.03,30.24
5.014604,-5.66,-22.05,-20.12,30.38
5.024500,-5.44,-21.94,-20.10,30.25
5.035738,-5.42,-21.71,-20.23,30.17
5.045476,-5.49,-21.81,-20.18,30.21
5.055405,-5.42,-21.88,-20.27,30.31
5.065705,-5.44,-21.88,-20.18,30.26
5.075176,-5.59,-21.90,-19.93,30.13
5.087739,-5.51,-22.12,-19.74,30.16
5.094735,-5.44,-22.14,-19.86,30.24
5.104571,-5.61,-22.01,-19.84,30.16
5.114759,-5.61,-22.20,-19.84,30.30
5.124355,-5.55,-22.20,-19.65,30.16
5.134531,-5.83,-22.24,-19.54,30.17
5.144524,-5.85,-22.20,-19.48,30.11
5.154712,-5.94,-22.05,-19.61,30.10
5.164456,-5.96,-22.11,-19.73,30.22
5.174874,-5.98,-22.09,-19.54,30.09
5.188592,-5.87,-22.03,-19.52,30.01
5.194640,-5.79,-22.07,-19.43,29.97
5.204332,-5.68,-22.09,-19.48,29.99
5.214600,-5.38,-22.37,-19.48,30.15
5.224551,-5.66,-22.48,-19.46,30.27
5.234587,-5.78,-22.58,-19.71,30.52
5.244487,-5.83,-22.48,-19.78,30.51
5.255958,-5.98,-22.50,-19.80,30.56
5.265349,-6.21,-22.63,-19.58,30.56
5.282443,-6.21,-22.63,-19.48,30.50
5.285707,-6.32,-22.74,-19.14,30.39
5.295524,-6.54,-22.54,-19.41,30.45
5.305429,-6.24,-22.52,-19.33,30.33
5.315224,-5.93,-22.56,-19.24,30.23
5.324599,-5.96,-22.61,-19.46,30.42
5.334612,-5.91,-22.56,-19.48,30.38
5.344596,-5.70,-22.48,-19.59,30.36
5.354478,-5.98,-22.28,-19.56,30.24
5.364452,-6.17,-22.28,-19.86,30.47
5.374540,-5.76,-22.44,-19.63,30.37
5.385326,-5.74,-22.43,-19.52,30.28
5.394772,-5.87,-22.24,-19.48,30.14
5.404241,-5.76,-22.24,-19.26,29.97
5.414363,-5.79,-22.31,-19.26,30.04
5.424409,-5.74,-22.50,-19.39,30.25
5.434607,-5.68,-22.69,-19.44,30.41
5.444460,-5.44,-22.71,-19.31,30.30
5.454544,-5.55,-22.50,-19.35,30.19
5.464472,-5.38,-22.48,-19.46,30.22
5.475523,-5.46,-22.58,-19.59,30.39
5.484508,-5.59,-22.48,-19.65,30.38
5.494487,-5.57,-22.69,-19.59,30.49
5.504377,-5.68,-22.74,-19.52,30.50
5.515547,-5.55,-22.74,-19.52,30.48
5.525540,-5.64,-22.71,-19.61,30.53
5.535290,-5.93,-22.78,-19.46,30.54
5.545622,-6.11,-22.56,-19.31,30.32
5.556154,-6.00,-22.29,-18.96,29.87
5.565004,-6.23,-22.31,-18.94,29.92
5.575001,-6.26,-22.11,-19.09,29.87
5.588165,-6.23,-22.03,-19.14,29.84
5.594954,-6.30,-21.99,-19.18,29.86
5.605196,-6.23,-21.98,-19.07,29.75
5.615637,-6.13,-22.03,-19.09,29.79
5.625252,-6.06,-22.22,-19.29,30.04
5.635110,-5.98,-22.52,-19.43,30.33
5.644468,-5.83,-22.61,-19.24,30.26
5.654498,-5.78,-22.71,-19.01,30.17
5.664596,-5.74,-22.76,-19.07,30.24
5.675474,-5.64,-22.73,-19.29,30.34
5.685746,-5.85,-22.76,-19.48,30.53
5.696792,-5.98,-22.58,-19.63,30.51
5.704743,-6.13,-22.65,-19.59,30.57
5.714637,-6.26,-22.52,-19.59,30.50
5.725114,-6.30,-22.43,-19.86,30.61
5.735406,-6.13,-22.56,-19.95,30.73
5.745044,-6.17,-22.54,-19.76,30.60
5.756837,-6.19,-22.52,-19.43,30.38
5.765483,-5.93,-22.41,-19.24,30.12
5.775436,-5.62,-22.48,-19.35,30.19
5.791678,-5.36,-22.26,-19.41,30.01
5.795079,-5.23,-22.20,-19.20,29.81
5.804246,-5.16,-22.29,-19.12,29.82
5.815482,-5.31,-22.07,-19.01,29.61
5.825239,-5.36,-21.92,-18.99,29.49
5.835915,-5.49,-21.84,-19.24,29.62
5.845860,-5.72,-21.86,-19.28,29.70
5.855699,-6.00,-21.98,-19.03,29.68
5.864501,-6.30,-22.24,-18.98,29.90
5.876059,-6.49,-22.37,-19.18,30.17
5.894691,-6.58,-22.29,-19.14,30.11
5.895308,-6.66,-22.39,-19.28,30.28
5.904784,-6.69,-22.39,-19.44,30.40
5.916017,-6.56,-22.52,-19.46,30.48
5.925002,-6.32,-22.65,-19.33,30.44
5.937977,-6.09,-22.65,-19.50,30.50
5.944636,-6.08,-22.67,-19.59,30.57
5.954566,-6.08,-22.61,-19.69,30.59
5.964507,-6.04,-22.54,-19.56,30.44
5.974563,-5.87,-22.31,-19.59,30.27
5.984803,-5.85,-22.22,-19.41,30.07
5.996990,-5.66,-22.22,-19.46,30.08
6.006784,-5.93,-21.96,-19.88,30.20
6.015624,-5.98,-21.73,-19.76,29.98
6.025479,-6.04,-21.69,-19.73,29.94
6.035024,-5.85,-21.88,-19.88,30.13
6.045488,-5.81,-22.05,-19.88,30.25
6.055742,-5.98,-22.41,-19.84,30.52
6.064751,-5.87,-22.48,-20.03,30.67
6.074691,-6.04,-22.48,-19.71,30.50
6.085732,-6.15,-22.56,-19.39,30.37
6.094950,-6.21,-22.76,-19.41,30.55
6.104288,-6.19,-22.61,-19.33,30.39
6.114923,-6.02,-22.48,-19.24,30.19
6.124747,-5.89,-22.35,-19.20,30.05
6.134570,-5.72,-22.03,-19.07,29.69
6.144453,-5.85,-22.03,-19.29,29.86
6.155383,-5.87,-22.05,-19.46,29.99
6.165282,-5.68,-22.22,-19.50,30.10
6.174921,-5.53,-22.14,-19.44,29.98
6.185567,-5.44,-21.99,-19.46,29.87
6.198320,-5.66,-22.07,-19.39,29.92
6.204499,-5.70,-21.99,-19.61,30.01
6.215578,-5.93,-21.99,-19.74,30.14
6.225783,-5.91,-21.94,-19.24,29.77
6.236477,-6.04,-21.86,-19.44,29.87
6.246402,-6.00,-21.73,-19.39,29.73
6.255576,-6.04,-21.77,-19.35,29.74
6.267629,-6.19,-21.90,-19.58,30.02
6.276770,-6.41,-21.69,-19.76,30.04
6.284646,-6.56,-21.60,-19.63,29.92
6.300554,-6.41,-21.75,-19.56,29.94
6.304313,-6.26,-21.81,-19.95,30.21
6.315113,-6.21,-21.75,-19.93,30.15
6.325819,-6.26,-21.77,-19.88,30.13
6.335236,-6.36,-21.60,-19.95,30.08
6.345120,-6.34,-21.58,-19.80,29.97
6.355583,-6.11,-21.66,-19.61,29.85
6.364482,-6.11,-21.69,-19.80,30.00
6.374827,-6.15,-21.73,-19.76,30.01
6.386620,-6.30,-21.73,-19.35,29.77
6.395514,-5.89,-21.83,-19.03,29.55
6.409837,-5.78,-21.86,-19.28,29.71
6.414913,-5.87,-21.99,-19.28,29.83
6.424281,-5.66,-22.31,-19.20,29.98
6.435536,-5.79,-22.37,-19.11,29.98
6.445827,-5.94,-22.56,-19.22,30.22
6.454875,-6.00,-22.58,-19.33,30.32
6.465403,-5.98,-22.52,-19.56,30.42
6.477006,-6.36,-22.33,-19.76,30.49
6.485708,-6.49,-22.43,-19.50,30.42
6.501333,-6.24,-22.31,-19.48,30.27
6.505400,-6.11,-22.12,-19.46,30.09
6.515379,-6.00,-22.01,-19.65,30.11
6.524430,-5.62,-21.98,-19.54,29.94
6.535785,-5.61,-21.92,-19.59,29.93
6.544653,-5.53,-21.94,-19.76,30.04
6.555735,-5.64,-22.14,-19.82,30.25
6.565453,-5.59,-22.03,-20.06,30.32
6.574751,-5.48,-22.29,-19.93,30.40
6.584546,-5.78,-22.12,-20.12,30.46
6.595200,-5.89,-22.16,-19.91,30.37
6.604472,-6.02,-22.33,-19.74,30.41
6.614551,-6.11,-22.54,-19.61,30.50
6.625404,-6.32,-22.78,-19.41,30.59
6.634678,-5.93,-22.95,-19.24,30.53
6.645661,-6.06,-22.95,-19.14,30.49
6.656274,-6.34,-22.73,-19.29,30.48
6.665251,-6.28,-22.95,-19.35,30.67
6.674661,-5.96,-22.78,-19.50,30.57
6.685758,-5.85,-22.76,-19.39,30.47
6.696157,-5.76,-22.56,-19.44,30.33
6.705092,-5.62,-22.52,-19.58,30.36
6.716205,-5.83,-22.35,-19.56,30.27
6.726337,-5.55,-22.33,-19.58,30.21
6.735478,-5.40,-22.37,-19.46,30.14
6.746225,-5.38,-22.50,-19.09,29.99
6.756084,-5.62,-22.71,-19.14,30.23
6.765161,-5.81,-22.39,-19.46,30.23
6.775544,-5.74,-22.33,-19.41,30.14
6.785009,-5.85,-22.05,-19.50,30.01
6.798687,-5.83,-22.16,-19.50,30.09
6.804419,-5.91,-22.22,-19.52,30.16
6.814569,-6.19,-22.14,-19.44,30.11
6.826053,-6.13,-21.81,-19.74,30.05
6.834595,-6.11,-21.69,-19.73,29.95
6.845349,-5.70,-22.03,-19.84,30.19
6.854716,-5.89,-22.01,-19.95,30.29
6.864492,-5.83,-22.09,-19.82,30.24
6.875691,-5.87,-22.12,-20.04,30.43
6.885318,-5.81,-22.31,-19.93,30.48
6.894778,-5.46,-22.46,-20.04,30.60
6.908690,-5.42,-22.78,-19.97,30.77
6.915234,-5.48,-22.78,-20.06,30.85
6.925114,-5.87,-22.67,-20.25,30.96
6.936274,-5.85,-22.67,-20.33,31.00
6.944750,-5.70,-22.78,-20.38,31.09
6.955528,-5.66,-22.44,-20.42,30.87
6.965422,-5.81,-22.29,-20.78,31.02
6.976335,-6.08,-22.11,-20.98,31.08
6.986304,-6.32,-21.92,-21.17,31.12
6.995277,-6.41,-21.96,-21.23,31.20
7.011488,-6.23,-22.03,-20.98,31.05
7.015045,-6.17,-22.09,-21.11,31.17
7.024476,-6.34,-22.14,-21.04,31.19
7.034689,-6.28,-22.22,-20.85,31.11
7.044534,-6.41,-22.18,-20.89,31.14
7.054733,-6.41,-22.35,-20.72,31.14
7.064536,-6.28,-22.43,-20.62,31.11
7.075735,-6.19,-22.46,-20.62,31.12
7.084981,-6.36,-22.26,-20.64,31.01
7.095153,-6.17,-22.12,-20.51,30.79
7.104322,-6.17,-21.79,-20.57,30.59
7.115155,-6.17,-21.79,-20.78,30.73
7.124525,-6.08,-21.79,-20.59,30.59
7.134659,-6.02,-21.66,-20.74,30.58
7.144559,-5.98,-21.60,-20.81,30.59
7.156246,-5.81,-21.53,-20.72,30.44
7.164505,-5.83,-21.79,-20.78,30.66
7.174745,-6.06,-22.01,-20.55,30.72
7.184570,-5.89,-22.26,-20.38,30.75
7.196535,-6.13,-22.14,-20.27,30.64
7.205521,-5.98,-22.18,-19.99,30.45
7.215896,-6.02,-22.11,-19.74,30.24
7.225904,-6.04,-22.24,-19.41,30.13
7.236082,-6.23,-22.12,-19.20,29.95
7.244473,-6.19,-21.81,-19.07,29.62
7.254752,-6.32,-21.77,-19.20,29.71
7.264566,-6.54,-21.64,-19.56,29.89
7.275695,-6.39,-21.83,-19.52,29.97
7.285321,-6.51,-21.73,-19.71,30.05
7.298853,-6.08,-21.96,-19.82,30.20
7.304433,-6.08,-21.83,-20.04,30.25
7.315153,-5.96,-22.07,-19.73,30.19
7.324977,-5.98,-22.39,-19.74,30.44
7.334815,-5.78,-22.41,-19.58,30.31
7.345401,-5.70,-22.48,-19.31,30.18
7.354657,-5.76,-22.54,-19.20,30.16
7.364592,-5.68,-22.67,-19.03,30.14
7.376521,-5.96,-22.58,-19.03,30.12
7.384742,-6.00,-22.54,-18.99,30.08
7.394777,-5.85,-22.54,-19.56,30.41
7.407801,-5.83,-22.50,-19.35,30.24
7.415078,-5.70,-22.43,-19.35,30.16
7.425794,-5.66,-22.29,-19.22,29.97
7.435501,-5.62,-22.37,-19.35,30.11
7.445898,-5.83,-22.33,-19.52,30.23
7.455459,-5.78,-22.46,-19.46,30.28
7.466415,-5.68,-22.46,-19.63,30.37
7.476271,-5.83,-22.48,-19.48,30.31
7.484897,-5.74,-22.48,-19.74,30.47
7.495351,-5.76,-22.50,-19.73,30.47
7.504268,-5.53,-22.61,-19.78,30.55
7.514542,-5.49,-22.54,-19.78,30.49
7.525446,-5.21,-22.43,-19.48,30.16
7.535469,-5.18,-22.28,-19.33,29.94
7.545988,-5.14,-22.31,-19.16,29.86
7.554909,-5.27,-22.14,-19.12,29.73
7.565710,-5.38,-22.09,-19.05,29.66
7.574730,-5.42,-22.01,-19.22,29.72
7.585786,-5.66,-22.16,-19.41,30.00
7.595378,-5.62,-21.96,-19.39,29.83
7.604481,-5.72,-21.90,-19.56,29.91
7.614539,-6.02,-22.12,-19.91,30.37
7.624910,-6.11,-21.94,-19.78,30.16
7.635568,-5.91,-22.11,-19.80,30.26
7.645377,-5.78,-22.07,-19.71,30.14
7.655004,-5.70,-22.05,-19.73,30.13
7.664493,-5.55,-21.90,-19.56,29.88
7.675758,-5.66,-22.01,-19.58,30.00
7.686419,-5.59,-22.12,-19.46,29.99
7.695651,-5.34,-22.12,-19.58,30.02
7.705366,-5.27,-22.37,-19.50,30.14
7.715343,-5.29,-22.29,-19.29,29.95
7.724857,-5.31,-22.54,-19.24,30.10
7.735509,-5.31,-22.54,-19.20,30.08
7.745062,-5.34,-22.67,-19.24,30.21
7.755140,-5.27,-22.76,-19.20,30.24
7.765189,-5.34,-22.89,-19.29,30.41
7.775778,-5.46,-22.73,-19.11,30.19
7.784700,-5.66,-22.65,-19.29,30.29
7.798139,-5.72,-22.54,-19.59,30.41
7.804345,-5.79,-22.48,-19.61,30.39
7.815788,-5.83,-22.58,-19.61,30.47
7.825018,-5.94,-22.50,-19.67,30.47
7.834591,-6.04,-22.43,-19.82,30.53
7.844398,-6.15,-22.26,-19.71,30.36
7.855090,-6.13,-22.35,-19.65,30.38
7.864870,-6.15,-22.37,-19.80,30.50
7.875788,-6.09,-22.58,-19.67,30.56
7.885293,-6.30,-22.50,-19.80,30.63
7.899214,-6.36,-22.67,-19.76,30.74
7.904947,-6.30,-22.61,-19.78,30.70
7.916612,-6.32,-22.73,-19.86,30.83
7.925977,-6.26,-22.69,-19.91,30.83
7.935265,-6.43,-22.82,-19.48,30.69
7.945363,-6.32,-22.88,-19.28,30.57
7.955753,-6.30,-22.78,-19.20,30.45
7.964782,-5.89,-22.86,-19.22,30.44
7.975679,-5.96,-22.71,-19.22,30.34
7.985553,-6.06,-22.73,-19.20,30.36
7.995129,-5.94,-22.69,-19.01,30.19
8.010666,-5.79,-22.74,-19.16,30.30
8.015219,-5.64,-22.71,-19.63,30.54
8.024539,-5.51,-22.74,-19.69,30.58
8.035362,-5.61,-22.91,-19.65,30.70
8.045513,-5.93,-22.48,-19.69,30.46
8.054786,-5.87,-22.41,-19.71,30.41
8.064761,-5.68,-22.26,-19.61,30.20
8.075626,-5.59,-22.12,-19.44,29.98
8.084450,-5.70,-22.26,-19.35,30.04
8.095856,-5.46,-22.20,-19.14,29.82
8.104435,-5.66,-22.11,-19.11,29.76
8.114966,-5.44,-21.94,-19.24,29.68
8.124737,-5.55,-22.22,-19.31,29.96
8.134916,-5.46,-22.18,-19.39,29.96
8.145221,-5.64,-22.24,-19.37,30.03
8.155745,-5.74,-22.39,-19.52,30.25
8.165418,-5.59,-22.31,-19.59,30.22
8.175556,-5.59,-22.31,-19.80,30.35
8.186071,-5.42,-22.48,-19.63,30.33
8.196271,-5.68,-22.41,-19.71,30.38
8.204709,-5.57,-22.59,-19.59,30.42
8.215033,-5.64,-22.58,-19.44,30.32
8.224465,-5.70,-22.54,-19.74,30.50
8.234674,-5.59,-22.56,-19.69,30.46
8.245199,-5.64,-22.54,-19.71,30.47
8.255045,-5.94,-22.59,-19.58,30.48
8.265432,-6.23,-22.43,-19.88,30.60
8.274883,-6.04,-22.31,-19.78,30.42
8.284673,-5.85,-22.14,-19.67,30.19
8.296368,-5.98,-22.09,-19.73,30.21
8.304778,-5.76,-22.16,-19.44,30.04
8.315357,-6.02,-22.33,-19.46,30.23
8.324750,-6.13,-22.31,-19.52,30.27
8.334729,-6.02,-22.18,-19.52,30.15
8.344466,-6.09,-22.18,-19.39,30.08
8.354932,-6.26,-22.56,-19.61,30.54
8.365269,-6.30,-22.52,-19.67,30.56
8.375046,-6.11,-22.61,-19.80,30.67
8.384650,-6.28,-22.67,-19.76,30.72
8.399050,-6.02,-22.63,-19.89,30.73
8.407317,-6.04,-22.65,-19.84,30.71
8.416698,-5.96,-22.58,-20.04,30.77
8.426807,-5.61,-22.61,-19.95,30.67
8.436135,-5.46,-22.46,-19.59,30.30
8.444506,-5.42,-22.56,-19.54,30.33
8.455418,-5.34,-22.65,-19.39,30.29
8.465412,-5.19,-22.54,-19.54,30.28
8.475217,-5.40,-22.28,-19.59,30.15
8.485518,-5.33,-22.28,-19.54,30.10
8.494767,-5.55,-22.16,-19.67,30.15
8.509921,-5.62,-22.14,-19.73,30.18
8.515064,-5.59,-22.01,-19.82,30.14
8.524183,-5.61,-22.20,-19.61,30.15
8.534772,-5.68,-22.14,-19.52,30.06
8.544983,-5.76,-22.12,-19.54,30.07
8.555202,-5.74,-22.26,-19.14,29.91
8.564499,-5.78,-22.29,-19.20,29.98
8.575381,-5.70,-22.48,-18.64,29.75
8.585422,-5.76,-22.56,-18.54,29.76
8.602818,-5.91,-22.84,-18.39,29.91
8.604366,-5.76,-22.69,-18.51,29.84
8.614582,-5.70,-22.65,-18.68,29.90
8.624484,-5.64,-22.52,-18.68,29.79
8.636546,-5.62,-22.58,-18.75,29.88
8.646398,-5.78,-22.59,-18.68,29.88
8.655490,-5.79,-22.58,-18.99,30.07
8.666314,-5.66,-22.63,-19.12,30.17
8.674932,-5.51,-22.29,-19.35,30.03
8.684397,-5.61,-22.29,-19.67,30.25
8.695605,-5.59,-22.24,-19.69,30.22
8.704901,-5.74,-22.52,-19.67,30.44
8.714905,-5.64,-22.26,-19.74,30.28
8.724353,-5.42,-22.09,-19.74,30.12
8.735594,-5.49,-22.11,-19.76,30.16
8.745127,-5.78,-21.99,-19.86,30.19
8.755548,-6.00,-22.24,-19.78,30.36
8.765299,-6.09,-22.24,-19.52,30.21
8.774512,-6.32,-22.24,-19.44,30.21
8.785003,-6.09,-22.09,-19.43,30.04
8.795938,-6.00,-22.14,-19.52,30.12
8.805654,-6.08,-21.98,-19.63,30.09
8.815068,-5.93,-21.84,-19.54,29.90
8.824484,-5.94,-21.86,-19.52,29.90
8.835143,-5.83,-21.86,-19.65,29.97
8.845467,-5.76,-21.98,-19.59,30.00
8.854686,-5.66,-22.12,-19.46,30.01
8.864649,-5.79,-22.39,-19.46,30.23
8.876026,-6.02,-22.44,-19.44,30.30
8.885286,-6.09,-22.59,-19.29,30.33
8.896762,-6.17,-22.48,-19.46,30.37
8.905816,-6.13,-22.50,-19.33,30.29
8.916539,-6.23,-22.50,-19.48,30.41
8.924207,-6.24,-22.29,-19.63,30.35
8.934539,-6.26,-22.20,-19.69,30.33
8.945104,-6.41,-21.99,-19.69,30.21
8.955697,-6.34,-22.18,-19.54,30.23
8.964493,-6.26,-22.18,-19.80,30.39
8.975634,-6.26,-22.35,-19.71,30.45
8.985121,-6.08,-22.31,-19.88,30.49
8.994835,-6.08,-22.26,-19.43,30.16
9.008708,-5.93,-22.12,-19.50,30.08
9.014478,-5.83,-22.16,-19.56,30.13
9.024757,-5.72,-22.18,-19.65,30.18
9.034917,-5.68,-22.31,-19.69,30.29
9.044438,-5.83,-22.43,-19.67,30.39
9.054753,-5.74,-22.52,-19.74,30.49
9.065382,-5.85,-22.54,-19.78,30.55
9.074603,-5.76,-22.48,-20.08,30.69
9.085411,-6.13,-22.67,-19.78,30.70
9.095174,-6.21,-22.69,-19.80,30.75
9.104642,-6.24,-22.74,-19.93,30.88
9.119147,-6.39,-22.33,-20.03,30.67
9.127099,-6.23,-22.22,-19.91,30.48
9.136690,-6.24,-22.01,-19.86,30.30
9.146021,-6.28,-22.05,-19.86,30.33
9.155042,-6.38,-22.16,-19.88,30.44
9.164872,-6.32,-22.24,-20.14,30.66
9.174637,-6.21,-22.14,-20.06,30.52
9.185115,-6.11,-22.05,-19.71,30.20
9.195312,-5.93,-22.37,-19.71,30.39
9.213337,-5.87,-22.46,-19.71,30.45
9.215923,-5.78,-22.41,-19.88,30.50
9.225151,-5.70,-22.20,-19.59,30.15
9.235223,-5.55,-22.18,-19.61,30.12
9.244484,-5.55,-22.11,-19.44,29.96
9.255728,-5.81,-22.37,-19.50,30.24
9.264430,-5.96,-22.52,-19.44,30.34
9.274933,-6.09,-22.58,-19.24,30.28
9.284507,-5.93,-22.61,-19.28,30.30
9.295305,-6.28,-22.67,-19.14,30.33
9.305070,-6.32,-22.99,-19.35,30.70
9.314609,-6.45,-22.82,-19.43,30.65
9.324914,-6.28,-22.89,-19.59,30.78
9.335776,-6.23,-22.80,-19.80,30.83
9.344616,-6.11,-22.65,-19.89,30.76
9.355532,-5.98,-22.46,-20.18,30.78
9.366118,-6.23,-22.50,-19.97,30.72
9.375549,-6.11,-22.78,-19.78,30.78
9.385265,-6.08,-22.52,-19.88,30.64
9.396382,-5.98,-22.67,-19.80,30.69
9.405488,-6.08,-22.59,-19.76,30.63
9.415609,-6.08,-22.37,-19.63,30.38
9.425138,-6.00,-22.58,-19.67,30.54
9.434614,-5.94,-22.59,-19.54,30.46
9.445036,-5.89,-22.65,-19.48,30.45
9.455581,-5.66,-22.50,-19.61,30.38
9.464496,-5.61,-22.52,-19.63,30.40
9.476819,-5.72,-22.44,-19.59,30.34
9.485182,-5.76,-22.44,-19.50,30.28
9.495562,-5.79,-22.56,-19.54,30.40
9.507461,-5.85,-22.24,-19.63,30.23
9.514628,-6.02,-22.14,-19.86,30.35
9.524329,-6.13,-21.98,-20.23,30.49
9.534819,-5.94,-21.86,-20.42,30.50
9.544370,-6.13,-21.81,-20.44,30.51
9.554532,-5.94,-21.83,-20.46,30.50
9.564879,-5.91,-21.88,-20.49,30.56
9.574538,-5.79,-21.86,-20.38,30.45
9.586223,-5.94,-22.20,-20.40,30.73
9.596069,-5.93,-22.20,-20.12,30.54
9.608462,-5.85,-22.39,-19.99,30.58
9.616158,-6.26,-22.50,-19.76,30.59
9.625930,-6.00,-22.67,-19.67,30.61
9.635267,-5.91,-22.67,-19.65,30.58
9.645557,-5.91,-22.50,-19.93,30.63
9.654325,-5.87,-22.59,-19.97,30.72
9.664450,-5.59,-22.39,-19.76,30.38
9.674701,-5.70,-22.46,-19.89,30.54
9.684565,-5.49,-22.16,-19.86,30.26
9.696009,-5.40,-22.20,-20.04,30.39
9.706158,-5.70,-22.16,-20.04,30.42
9.720493,-5.94,-22.07,-20.06,30.41
9.726480,-5.93,-22.26,-19.91,30.45
9.734883,-5.94,-22.22,-20.03,30.50
9.745533,-6.13,-22.35,-20.21,30.75
9.755464,-6.30,-22.43,-20.48,31.01
9.765004,-6.58,-22.52,-20.46,31.13
9.775574,-6.60,-22.35,-20.16,30.81
9.785002,-6.39,-22.46,-20.12,30.83
9.795746,-6.49,-22.78,-20.23,31.15
9.805480,-6.43,-22.52,-20.16,30.90
9.814691,-6.38,-22.50,-19.95,30.74
9.826169,-6.24,-22.46,-19.86,30.62
9.835457,-5.93,-22.11,-19.48,30.06
9.846154,-5.76,-22.14,-19.54,30.09
9.856812,-5.85,-22.22,-19.73,30.28
9.865359,-5.89,-22.09,-19.73,30.19
9.875500,-5.81,-21.69,-19.58,29.79
9.884583,-5.96,-21.64,-19.59,29.79
9.894453,-6.19,-21.69,-19.67,29.93
9.906391,-6.13,-21.58,-19.69,29.85
9.915980,-6.21,-21.66,-19.86,30.03
9.924742,-6.34,-21.75,-19.82,30.10
9.935163,-6.04,-21.94,-19.76,30.14
9.945401,-5.89,-21.83,-19.50,29.85
9.954661,-5.66,-21.92,-19.56,29.92
9.965834,-5.38,-21.94,-19.54,29.87
9.975823,-5.23,-21.83,-19.52,29.74
9.984479,-5.29,-22.05,-19.39,29.83
9.994841,-5.21,-22.18,-19.41,29.93
10.005878,-5.29,-22.16,-19.22,29.81
10.015480,-5.21,-22.09,-18.98,29.58
10.024648,-5.48,-22.31,-19.20,29.94
10.034591,-5.48,-22.39,-19.20,30.00
10.044515,-5.64,-22.50,-19.12,30.06
10.054828,-5.59,-22.63,-19.07,30.12
10.066607,-5.74,-22.52,-19.35,30.24
10.075992,-5.85,-22.56,-19.14,30.16
10.085547,-5.66,-22.65,-19.14,30.19
10.096203,-5.78,-22.65,-19.43,30.39
10.107778,-5.44,-22.56,-19.28,30.16
10.114508,-5.57,-22.65,-19.28,30.26
10.124249,-5.57,-22.63,-19.44,30.35
10.135360,-5.40,-22.54,-19.44,30.25
10.144476,-5.18,-22.56,-19.31,30.14
10.154598,-5.12,-22.58,-19.43,30.22
10.164421,-5.03,-22.44,-19.56,30.19
10.174524,-5.29,-22.44,-19.52,30.21
10.185232,-5.40,-22.43,-19.74,30.36
10.194766,-5.29,-22.22,-19.69,30.15
10.205194,-5.31,-22.37,-19.58,30.19
10.220249,-5.62,-22.52,-19.46,30.29
10.225224,-5.76,-22.31,-19.63,30.27
10.236222,-5.72,-22.44,-19.59,30.34
10.245857,-5.93,-22.59,-19.58,30.48
10.255181,-5.53,-22.44,-19.50,30.24
10.264737,-5.55,-22.33,-19.41,30.10
10.274596,-5.59,-22.52,-19.41,30.25
10.285213,-5.55,-22.35,-19.50,30.18
10.294665,-5.61,-22.16,-19.73,30.19
10.306076,-5.70,-22.16,-19.39,29.99
10.315259,-5.74,-21.98,-19.43,29.89
10.325365,-5.83,-21.73,-19.22,29.59
10.336251,-5.93,-21.75,-19.54,29.83
10.345232,-5.94,-21.62,-19.61,29.79
10.354934,-5.96,-21.66,-19.44,29.71
10.365338,-5.96,-21.79,-19.31,29.72
10.375061,-5.74,-21.81,-19.12,29.57
10.384997,-5.74,-21.94,-19.16,29.69
10.395984,-5.74,-22.03,-19.26,29.82
10.406093,-5.44,-22.05,-19.46,29.91
10.416263,-5.42,-22.14,-19.24,29.83
10.424818,-5.36,-22.37,-19.07,29.88
10.435281,-5.49,-22.16,-19.22,29.84
10.445354,-5.49,-22.41,-19.11,29.95
10.454675,-5.59,-22.33,-19.26,30.01
10.465342,-5.57,-22.56,-19.26,30.18
10.475564,-5.46,-22.58,-18.96,29.98
10.485339,-5.91,-22.59,-19.18,30.22
10.495837,-5.96,-22.61,-19.22,30.27
10.509496,-5.83,-22.48,-19.26,30.17
10.516382,-5.76,-22.65,-19.29,30.31
10.524756,-5.85,-22.31,-19.43,30.16
10.535280,-5.87,-22.52,-19.44,30.32
10.546096,-6.02,-22.28,-19.61,30.28
10.555576,-6.17,-22.26,-19.82,30.43
10.565393,-6.08,-22.52,-19.52,30.41
10.577846,-6.08,-22.43,-19.59,30.39
10.587029,-6.17,-22.56,-19.43,30.40
10.595398,-6.36,-22.43,-19.29,30.26
10.609329,-6.28,-22.41,-19.63,30.44
10.614870,-6.28,-22.28,-19.91,30.53
10.625254,-6.15,-22.14,-19.95,30.43
10.636876,-6.08,-22.11,-19.95,30.39
10.645333,-6.06,-21.99,-20.08,30.39
10.654479,-6.04,-22.18,-20.18,30.59
10.664951,-6.39,-21.99,-20.48,30.72
10.675722,-6.23,-22.12,-20.59,30.86
10.685208,-6.09,-22.14,-20.29,30.64
10.694932,-6.11,-22.09,-20.19,30.55
10.711769,-6.17,-22.22,-20.14,30.61
10.714869,-6.23,-22.12,-20.06,30.51
10.724181,-5.98,-22.22,-20.10,30.55
10.734665,-6.09,-22.03,-20.04,30.40
10.747201,-5.93,-21.94,-19.99,30.26
10.754818,-5.91,-21.81,-19.84,30.07
10.764599,-5.89,-21.94,-19.99,30.26
10.774835,-5.93,-22.12,-19.78,30.26
10.786542,-5.87,-21.96,-19.78,30.13
10.796017,-5.76,-22.11,-19.95,30.33
10.805285,-5.78,-21.99,-19.76,30.13
10.820676,-5.76,-21.99,-19.44,29.92
10.825154,-5.74,-22.24,-19.29,29.99
10.834361,-5.66,-22.26,-19.28,29.98
10.844922,-5.85,-22.11,-19.20,29.86
10.856819,-5.81,-22.11,-19.20,29.85
10.864915,-5.66,-22.39,-18.86,29.82
10.874796,-5.72,-22.16,-18.73,29.58
10.885417,-5.74,-22.05,-18.86,29.58
10.894745,-5.83,-22.03,-18.98,29.66
10.904503,-5.62,-22.05,-19.16,29.75
10.914900,-5.59,-22.09,-19.07,29.71
10.924377,-5.55,-22.09,-18.88,29.58
10.934662,-5.55,-21.86,-19.03,29.51
10.944574,-5.78,-21.68,-19.44,29.69
10.955692,-5.83,-21.90,-19.14,29.67
10.966036,-5.91,-22.07,-19.07,29.76
10.974721,-5.85,-22.28,-19.09,29.91
10.984923,-5.96,-22.26,-19.03,29.88
10.995647,-6.04,-22.35,-19.29,30.14
11.005893,-6.06,-22.56,-19.22,30.25
11.014774,-6.06,-22.78,-19.12,30.36
11.026901,-5.94,-22.82,-19.05,30.31
11.036058,-5.74,-22.63,-19.33,30.31
11.045993,-5.61,-22.54,-19.43,30.28
11.056251,-5.48,-22.35,-19.46,30.14
11.065952,-5.59,-22.39,-19.39,30.14
11.074746,-5.62,-22.28,-19.67,30.24
11.084700,-5.61,-22.07,-19.86,30.21
11.094937,-5.72,-21.99,-19.84,30.17
11.108298,-5.61,-22.01,-19.50,29.94
11.115326,-5.78,-22.01,-19.69,30.09
11.126015,-6.08,-22.18,-19.63,30.24
11.135926,-6.00,-22.29,-19.67,30.33
11.144776,-6.06,-22.18,-19.91,30.42
11.154535,-6.11,-22.33,-19.54,30.29
11.164458,-6.13,-22.41,-19.59,30.39
11.175364,-6.02,-22.56,-19.74,30.57
11.185288,-6.08,-22.69,-20.01,30.85
11.194942,-5.98,-22.84,-19.78,30.80
11.209033,-5.81,-22.59,-19.56,30.44
11.216636,-5.98,-22.54,-19.59,30.46
11.224345,-5.78,-22.61,-19.41,30.35
11.235339,-5.72,-22.63,-19.35,30.32
11.247078,-5.59,-22.56,-19.05,30.05
11.254654,-5.64,-22.22,-18.94,29.73
11.265496,-5.55,-22.14,-18.84,29.60
11.276660,-5.68,-22.05,-18.92,29.60
11.286025,-5.51,-22.11,-18.98,29.65
11.296714,-5.38,-22.11,-19.14,29.73
11.304926,-5.40,-22.07,-19.12,29.70
11.319471,-5.46,-22.09,-19.20,29.77
11.324592,-5.61,-22.12,-19.46,30.00
11.335195,-5.59,-22.35,-19.44,30.15
11.345507,-5.64,-22.28,-19.46,30.11
11.356226,-5.49,-22.35,-19.33,30.06
11.364616,-5.91,-22.41,-19.67,30.39
11.375617,-6.34,-22.35,-19.54,30.35
11.384586,-6.53,-22.33,-19.35,30.26
11.395000,-6.43,-22.12,-19.44,30.15
11.404743,-6.26,-22.11,-19.50,30.14
11.421698,-6.15,-22.05,-19.41,30.01
11.425707,-6.24,-22.22,-19.37,30.13
11.435345,-6.28,-22.26,-19.44,30.21
11.444781,-6.04,-22.18,-19.28,30.00
11.455210,-5.64,-22.18,-19.18,29.86
11.465483,-5.61,-22.26,-19.46,30.09
11.474642,-5.57,-22.54,-19.50,30.32
11.484572,-5.78,-22.65,-19.44,30.40
11.495637,-5.68,-22.73,-19.52,30.49
11.506341,-5.57,-22.44,-19.37,30.16
11.516771,-5.62,-22.39,-19.43,30.17
11.526376,-5.62,-22.59,-19.46,30.35
11.535666,-5.87,-22.84,-19.67,30.71
11.545049,-5.98,-22.78,-19.61,30.65
11.555620,-5.98,-22.65,-19.58,30.53
11.565659,-5.89,-22.61,-19.67,30.54
11.575898,-6.11,-22.58,-19.67,30.56
11.585263,-6.24,-22.78,-20.23,31.10
11.594751,-6.30,-22.80,-20.14,31.07
11.605521,-6.38,-22.65,-19.99,30.87
11.615288,-6.15,-22.35,-19.76,30.46
11.624951,-5.93,-22.44,-19.76,30.49
11.635641,-6.08,-22.26,-19.95,30.50
11.645022,-5.98,-22.16,-19.82,30.33
11.654583,-5.81,-22.22,-20.03,30.47
11.664556,-5.62,-22.07,-19.67,30.09
11.676173,-5.57,-22.12,-19.89,30.27
11.686710,-5.42,-22.11,-20.01,30.30
11.694822,-5.46,-22.24,-20.06,30.44
11.705365,-5.38,-22.22,-19.88,30.29
11.717722,-5.33,-22.37,-19.56,30.19
11.724962,-5.23,-22.48,-19.46,30.19
11.735398,-5.34,-22.73,-19.31,30.30
11.746807,-5.36,-22.78,-19.52,30.47
11.755264,-5.36,-22.74,-19.33,30.33
11.766592,-5.51,-22.88,-19.20,30.37
11.775932,-5.51,-22.88,-19.20,30.37
11.786738,-5.53,-22.88,-19.28,30.42
11.795661,-5.64,-22.67,-19.20,30.24
11.804630,-5.83,-22.65,-19.24,30.28
11.818392,-5.74,-22.35,-18.98,29.87
11.825497,-5.70,-22.50,-18.83,29.89
11.834527,-5.59,-22.44,-18.84,29.83
11.844414,-5.57,-22.46,-18.81,29.82
11.854984,-5.61,-22.48,-18.77,29.82
11.864537,-5.70,-22.56,-18.69,29.85
11.874898,-5.40,-22.74,-18.79,29.99
11.884698,-5.27,-22.74,-18.64,29.87
11.895453,-5.48,-22.82,-18.90,30.13
11.905161,-5.46,-22.54,-18.96,29.95
11.914875,-5.42,-22.44,-18.88,29.83
11.927795,-5.29,-22.14,-19.14,29.75
11.936030,-5.31,-22.26,-19.09,29.80
11.944427,-5.34,-22.12,-19.12,29.73
11.955216,-5.57,-22.22,-19.14,29.85
11.966075,-5.64,-22.14,-19.09,29.77
11.974529,-5.40,-22.31,-19.12,29.88
11.985405,-5.57,-22.41,-19.05,29.93
11.995330,-5.76,-22.35,-19.05,29.93
12.005552,-5.93,-22.76,-18.90,30.17
12.018033,-6.00,-22.78,-19.22,30.40
12.025112,-5.83,-22.97,-19.33,30.58
12.034518,-5.74,-22.93,-19.29,30.51
12.044475,-5.89,-23.01,-19.48,30.72
12.054912,-6.04,-22.65,-19.52,30.50
12.065345,-6.06,-22.58,-19.65,30.54
12.076005,-5.89,-22.67,-19.54,30.50
12.084764,-5.78,-22.24,-19.54,30.16
12.096370,-5.68,-21.96,-19.48,29.90
12.105735,-5.81,-21.75,-19.48,29.77
12.114613,-5.87,-21.68,-19.56,29.78
12.124305,-5.78,-21.53,-19.63,29.70
12.134804,-5.53,-21.68,-19.73,29.82
12.144833,-5.16,-21.92,-19.59,29.85
12.154639,-5.23,-21.96,-19.73,29.98
12.165130,-5.25,-22.09,-19.80,30.12
12.175011,-5.33,-22.16,-19.84,30.22
12.184520,-5.14,-22.22,-19.91,30.27
12.195774,-4.97,-22.20,-20.03,30.31
12.204519,-4.99,-22.37,-20.10,30.48
12.218389,-5.27,-22.24,-19.93,30.32
12.228284,-5.46,-22.29,-19.88,30.36
12.235548,-5.42,-22.29,-19.88,30.35
12.245379,-5.42,-22.18,-19.84,30.25
12.256369,-5.36,-22.03,-19.73,30.05
12.266020,-5.62,-22.20,-19.52,30.09
12.274669,-5.87,-22.11,-19.35,29.96
12.284485,-5.76,-22.11,-19.14,29.80
12.295764,-5.68,-22.24,-19.01,29.80
12.304537,-5.78,-21.99,-19.18,29.75
12.319725,-5.93,-21.84,-19.20,29.68
12.324870,-5.98,-21.96,-19.44,29.93
12.334160,-5.96,-22.31,-19.43,30.18
12.344622,-6.02,-22.05,-19.65,30.14
12.354756,-5.87,-22.12,-19.84,30.29
12.364938,-5.89,-22.11,-19.89,30.32
12.375766,-5.72,-22.07,-19.88,30.24
12.385125,-5.91,-22.01,-19.82,30.20
12.395185,-5.64,-22.28,-19.82,30.34
12.411586,-5.59,-22.16,-19.48,30.03
12.414830,-5.53,-22.07,-19.44,29.93
12.424279,-5.34,-22.18,-19.41,29.95
12.435145,-5.48,-22.29,-19.31,30.00
12.445468,-5.36,-22.16,-19.50,30.00
12.454768,-5.46,-22.05,-19.67,30.05
12.465567,-5.38,-22.12,-19.65,30.08
12.475351,-5.64,-21.86,-19.80,30.03
12.485493,-5.59,-21.94,-19.93,30.16
12.496390,-5.66,-21.92,-19.99,30.20
12.505642,-5.57,-22.12,-20.01,30.34
12.523047,-5.61,-22.16,-20.08,30.43
12.524378,-5.72,-22.28,-20.10,30.54
12.535133,-5.76,-22.50,-20.03,30.67
12.545561,-5.70,-22.50,-19.91,30.58
12.554604,-5.62,-22.76,-19.73,30.64
12.566114,-5.44,-22.67,-19.58,30.44
12.574762,-5.27,-22.58,-19.48,30.28
12.584463,-5.36,-22.28,-19.61,30.16
12.594771,-5.33,-22.22,-19.31,29.92
12.604477,-5.31,-22.18,-19.24,29.84
12.615759,-5.31,-22.07,-19.29,29.79
12.624513,-5.01,-22.12,-19.39,29.84
12.634608,-5.03,-22.11,-19.69,30.03
12.644578,-5.14,-22.16,-19.88,30.21
12.654681,-5.48,-22.14,-19.97,30.32
12.664629,-5.48,-22.14,-19.86,30.24
12.674904,-5.51,-22.01,-20.10,30.31
12.685761,-5.49,-21.92,-20.04,30.21
12.694715,-5.64,-21.94,-19.93,30.17
12.705438,-5.91,-21.98,-19.71,30.10
12.716985,-6.11,-22.14,-19.61,30.21
12.726438,-6.13,-22.43,-19.63,30.43
12.735727,-5.85,-22.54,-19.56,30.41
12.745263,-6.08,-22.44,-19.31,30.23
12.754869,-5.96,-22.54,-19.24,30.23
12.764963,-6.21,-22.80,-19.31,30.52
12.775267,-6.23,-22.78,-19.48,30.61
12.785957,-6.38,-22.67,-19.73,30.72
12.794699,-6.17,-22.37,-19.78,30.49
12.804914,-6.19,-22.22,-19.73,30.35
12.817347,-6.30,-22.22,-19.74,30.38
12.824946,-6.21,-22.33,-19.74,30.45
12.836247,-6.56,-22.41,-19.73,30.56
12.845084,-6.43,-22.31,-19.67,30.43
12.855380,-6.30,-22.33,-19.50,30.31
12.864533,-6.19,-22.33,-19.29,30.15
12.874621,-6.08,-22.48,-19.16,30.16
12.885334,-5.93,-22.43,-18.96,29.96
12.895406,-5.85,-22.44,-19.20,30.11
12.905836,-5.55,-22.28,-19.41,30.06
12.915171,-5.36,-22.20,-19.63,30.12
12.928008,-5.19,-22.33,-19.59,30.16
12.935003,-5.25,-22.44,-19.71,30.33
12.946327,-5.16,-22.58,-19.78,30.46
12.955801,-5.27,-22.59,-19.67,30.42
12.965869,-5.42,-22.56,-20.01,30.63
12.975797,-5.57,-22.54,-19.63,30.40
12.985799,-5.81,-22.61,-19.56,30.46
12.994505,-5.79,-22.54,-19.39,30.29
13.005202,-5.87,-22.31,-19.33,30.10
13.014761,-6.15,-22.07,-19.28,29.94
13.025018,-6.11,-21.86,-19.33,29.82
13.035715,-6.26,-21.54,-19.35,29.63
13.044755,-6.53,-21.53,-19.09,29.50
13.055426,-6.38,-21.43,-19.16,29.45
13.066707,-6.30,-21.36,-19.20,29.40
13.074784,-6.13,-21.69,-19.29,29.67
13.084358,-6.21,-21.75,-19.39,29.79
13.095808,-5.78,-21.92,-19.43,29.85
13.104880,-6.08,-22.01,-19.54,30.05
13.114843,-5.83,-22.14,-19.69,30.20
13.130104,-5.74,-22.18,-19.63,30.17
13.136311,-5.81,-22.39,-19.59,30.31
13.144502,-5.81,-22.61,-19.54,30.44
13.154989,-5.87,-22.46,-19.43,30.27
13.164385,-5.83,-22.50,-19.39,30.27
13.174642,-6.02,-22.52,-19.56,30.43
13.186312,-5.83,-22.58,-19.39,30.32
13.196329,-6.02,-22.65,-19.46,30.46
13.206429,-5.96,-22.69,-19.76,30.67
13.216884,-5.83,-22.43,-19.76,30.45
13.225868,-5.87,-22.31,-19.84,30.43
13.239096,-5.98,-22.26,-19.86,30.42
13.244786,-5.98,-22.26,-19.86,30.42
13.254679,-5.78,-22.39,-19.76,30.42
13.265387,-5.78,-22.52,-19.61,30.42
13.274536,-5.66,-22.58,-19.65,30.46
13.285280,-5.46,-22.63,-19.29,30.24
13.294686,-5.61,-22.82,-19.65,30.63
13.304480,-5.55,-23.14,-19.86,30.99
13.314621,-5.36,-23.04,-19.99,30.97
13.325350,-5.36,-23.06,-20.03,31.01
13.335077,-5.53,-22.88,-19.91,30.83
13.345523,-5.38,-22.86,-19.76,30.69
13.355017,-5.42,-22.86,-19.44,30.49
13.364391,-5.59,-22.97,-19.43,30.60
13.374596,-5.49,-22.82,-19.14,30.29
13.385651,-5.66,-22.73,-19.14,30.25
13.396389,-5.79,-22.86,-18.94,30.24
13.404748,-5.66,-22.52,-19.11,30.07
13.415402,-5.55,-22.63,-19.09,30.12
13.428889,-5.62,-22.61,-19.48,30.37
13.435725,-5.83,-22.43,-19.84,30.50
13.446096,-5.85,-22.22,-19.99,30.45
13.455336,-5.94,-22.35,-19.89,30.51
13.465222,-5.91,-22.22,-19.73,30.29
13.475317,-5.79,-22.20,-19.65,30.21
13.485232,-5.87,-22.52,-19.28,30.22
13.494666,-5.87,-22.35,-19.31,30.12
13.506762,-5.96,-22.09,-19.43,30.01
13.514912,-5.78,-22.01,-19.31,29.85
13.529400,-5.98,-22.18,-19.58,30.18
13.536025,-5.98,-22.09,-19.84,30.28
13.546419,-5.94,-21.84,-19.80,30.08
13.555504,-6.19,-21.69,-20.06,30.19
13.564358,-6.09,-21.71,-20.08,30.20
13.574475,-6.19,-21.83,-20.38,30.50
13.584532,-6.24,-21.86,-20.03,30.30
13.595167,-6.08,-21.99,-19.88,30.26
13.605325,-5.64,-21.92,-19.74,30.03
13.616403,-5.81,-22.01,-19.61,30.05
13.625007,-5.94,-22.28,-19.61,30.27
13.639785,-5.59,-22.22,-19.63,30.17
13.644808,-5.72,-22.05,-19.65,30.08
13.655450,-5.62,-22.20,-19.29,29.95
13.666898,-5.55,-22.35,-19.44,30.14
13.675930,-5.70,-22.52,-19.26,30.17
13.685492,-5.81,-22.52,-19.14,30.12
13.695201,-5.81,-22.48,-18.86,29.92
13.704965,-5.59,-22.35,-18.81,29.74
13.714542,-5.78,-22.48,-18.81,29.87
13.725766,-5.87,-22.46,-18.86,29.91
13.734585,-6.08,-22.22,-18.96,29.83
13.744452,-6.21,-22.11,-18.96,29.77
13.754969,-6.13,-21.83,-19.09,29.64
13.764491,-6.15,-21.68,-19.16,29.58
13.774905,-5.62,-21.60,-19.37,29.55
13.785584,-5.70,-21.62,-19.43,29.62
13.794568,-5.85,-21.66,-19.28,29.58
13.804465,-5.83,-21.68,-19.35,29.63
13.815524,-5.64,-21.69,-19.37,29.62
13.825111,-5.42,-21.83,-19.28,29.62
13.834881,-5.55,-21.96,-19.41,29.82
13.844733,-5.64,-22.07,-19.65,30.08
13.854555,-6.06,-21.99,-19.48,30.00
13.865170,-6.23,-22.20,-19.67,30.31
13.874897,-6.28,-22.37,-19.91,30.60
13.884409,-6.41,-22.46,-19.93,30.71
13.895130,-6.23,-22.54,-19.76,30.61
13.905553,-6.21,-22.43,-19.97,30.66
13.915303,-6.32,-22.44,-19.91,30.66
13.925968,-6.32,-22.39,-19.78,30.54
13.935315,-6.17,-22.54,-19.86,30.66
13.945673,-5.89,-22.50,-19.84,30.57
13.954568,-5.57,-22.50,-19.67,30.40
13.964403,-5.27,-22.44,-19.61,30.27
13.974605,-5.38,-22.37,-19.86,30.39
13.985344,-5.36,-22.52,-19.88,30.51
13.994956,-5.18,-22.63,-19.76,30.49
14.005763,-5.12,-22.67,-19.44,30.30
14.014970,-5.16,-22.61,-19.58,30.35
14.024566,-5.27,-22.29,-19.44,30.05
14.036540,-5.42,-22.18,-19.31,29.91
14.045322,-5.57,-22.29,-19.26,29.98
14.056613,-5.70,-22.16,-18.90,29.68
14.064783,-5.87,-22.46,-18.79,29.87
14.075561,-5.87,-22.39,-19.01,29.95
14.084625,-5.76,-22.41,-19.31,30.14
14.095612,-5.59,-22.35,-19.56,30.22
14.105821,-5.51,-22.61,-19.58,30.41
14.123968,-5.46,-22.61,-19.71,30.49
14.124679,-5.51,-22.69,-19.86,30.65
14.134854,-5.51,-22.93,-20.04,30.95
14.145535,-5.51,-22.69,-19.99,30.73
14.156018,-5.44,-22.65,-19.80,30.57
14.166376,-5.62,-22.39,-19.63,30.30
14.175748,-5.89,-22.31,-19.35,30.12
14.184973,-6.15,-22.18,-19.18,29.96
14.196081,-6.23,-22.37,-19.26,30.16
14.205590,-6.11,-22.24,-19.14,29.97
14.215792,-5.91,-21.96,-19.26,29.80
14.232226,-5.78,-21.83,-19.35,29.73
14.234559,-5.87,-21.94,-19.56,29.97
14.246310,-5.83,-22.28,-19.69,30.29
14.254679,-5.81,-22.52,-19.50,30.35
14.264538,-5.66,-22.52,-19.69,30.44
14.276162,-5.57,-22.52,-19.52,30.32
14.285349,-5.68,-22.44,-19.52,30.28
14.294991,-5.74,-22.59,-19.39,30.32
14.305709,-5.76,-22.67,-19.41,30.39
14.315491,-5.78,-22.43,-19.33,30.17
14.326468,-5.74,-22.35,-19.20,30.02
14.337633,-5.64,-22.22,-19.39,30.02
14.344397,-5.76,-22.24,-19.41,30.07
14.354534,-5.83,-22.07,-19.73,30.17
14.365594,-5.68,-22.26,-19.76,30.30
14.375778,-6.11,-22.18,-19.76,30.33
14.385914,-6.32,-22.05,-19.97,30.41
14.396116,-6.17,-22.14,-20.12,30.55
14.406444,-6.15,-22.35,-20.18,30.73
14.415727,-6.24,-22.41,-20.21,30.82
14.425239,-5.81,-22.41,-20.25,30.76
14.434632,-5.79,-22.43,-20.29,30.79
14.444685,-5.66,-22.35,-20.36,30.76
14.455119,-5.40,-22.50,-20.46,30.88
14.464998,-5.44,-22.63,-20.38,30.94
14.474697,-5.44,-22.76,-20.19,30.91
14.485042,-5.66,-22.52,-20.14,30.74
14.494995,-5.87,-22.56,-19.99,30.70
14.505604,-6.02,-22.84,-19.95,30.92
14.515576,-6.09,-22.73,-19.82,30.76
14.529616,-6.32,-22.67,-19.69,30.68
14.536485,-6.19,-22.63,-19.86,30.74
14.545187,-5.87,-22.86,-19.63,30.70
14.555792,-6.15,-22.73,-19.80,30.76
14.564836,-5.96,-22.58,-19.91,30.69
14.575139,-5.76,-22.35,-20.08,30.59
14.584597,-5.72,-22.16,-19.78,30.25
14.594817,-5.68,-22.20,-19.86,30.32
14.605750,-5.68,-22.20,-20.12,30.49
14.616479,-5.70,-22.26,-19.74,30.29
14.626952,-5.79,-22.01,-19.73,30.12
14.639740,-5.51,-21.94,-19.63,29.95
14.646149,-5.42,-22.12,-19.59,30.05
14.656254,-5.49,-22.29,-19.52,30.14
14.665261,-5.78,-22.31,-19.74,30.35
14.674590,-5.79,-22.43,-19.44,30.24
14.684837,-5.55,-22.33,-19.24,29.99
14.695882,-5.55,-22.29,-19.48,30.12
14.704459,-5.49,-22.28,-19.76,30.28
14.715196,-5.68,-22.39,-19.93,30.51
14.725025,-5.76,-22.44,-19.78,30.47
14.734969,-5.59,-22.52,-19.67,30.42
14.744689,-5.38,-22.59,-19.82,30.53
14.755490,-5.36,-22.35,-19.89,30.40
14.764335,-5.61,-22.35,-19.97,30.49
14.776905,-5.72,-22.46,-19.76,30.46
14.785079,-5.74,-22.39,-19.52,30.25
14.797142,-5.87,-22.28,-19.33,30.07
14.804660,-5.78,-22.37,-19.37,30.15
14.816059,-5.96,-22.39,-19.39,30.21
14.825260,-5.96,-22.03,-19.48,30.01
14.834857,-6.00,-22.12,-19.39,30.02
14.844566,-6.13,-22.39,-19.28,30.17
14.856387,-6.21,-22.14,-19.41,30.09
14.865911,-6.24,-22.12,-19.41,30.08
14.876570,-6.15,-22.29,-19.37,30.17
14.886487,-6.39,-22.16,-19.43,30.16
14.895369,-6.15,-22.01,-19.67,30.15
14.905255,-6.17,-22.20,-19.58,30.23
14.915587,-6.13,-22.37,-19.71,30.44
14.926582,-6.02,-22.20,-19.65,30.25
14.934659,-6.09,-22.33,-19.73,30.41
14.945416,-6.02,-22.41,-19.95,30.60
14.955324,-5.94,-22.31,-19.89,30.48
14.964417,-5.79,-22.24,-19.88,30.38
14.974528,-5.87,-22.24,-19.84,30.37
14.984656,-5.96,-22.18,-19.61,30.20
14.994809,-5.72,-22.09,-19.67,30.12
15.006319,-5.78,-22.12,-19.82,30.26
15.014543,-5.57,-22.29,-20.08,30.52
15.030985,-5.68,-22.46,-19.82,30.49
15.036716,-5.66,-22.35,-19.80,30.39
15.044384,-5.66,-22.50,-20.01,30.64
15.055116,-5.76,-22.73,-19.86,30.72
15.064619,-5.64,-22.63,-20.03,30.74
15.074634,-5.62,-22.73,-19.99,30.78
15.084459,-5.57,-22.78,-19.84,30.72
15.095765,-5.51,-22.52,-19.63,30.38
15.106583,-5.51,-22.56,-19.73,30.47
15.116393,-5.55,-22.56,-19.76,30.50
15.129355,-5.36,-22.48,-19.58,30.29
15.135843,-5.31,-22.37,-19.59,30.21
15.145197,-5.29,-22.33,-19.39,30.04
15.156025,-5.38,-22.26,-19.50,30.08
15.165137,-5.33,-22.09,-19.61,30.01
15.175396,-5.40,-22.22,-19.44,30.01
15.184987,-5.61,-22.12,-19.43,29.97
15.195115,-5.51,-22.24,-19.63,30.17
15.204407,-5.68,-22.22,-19.58,30.15
15.214616,-5.68,-22.22,-19.52,30.12
15.231773,-5.81,-22.28,-19.71,30.30
15.234625,-5.89,-22.22,-19.58,30.19
15.244375,-5.81,-22.54,-19.48,30.35
15.255517,-5.66,-22.43,-19.73,30.40
15.265491,-5.36,-22.28,-19.67,30.20
15.275505,-5.27,-22.29,-19.56,30.12
15.284869,-5.42,-22.26,-19.54,30.11
15.295321,-5.34,-22.07,-19.71,30.07
15.305083,-5.36,-22.05,-19.63,30.01
15.315050,-5.49,-21.84,-19.59,29.85
15.324382,-5.38,-21.69,-19.74,29.82
15.335959,-5.31,-21.77,-19.63,29.79
15.345447,-5.42,-21.88,-19.61,29.88
15.356239,-5.44,-21.86,-19.50,29.80
15.366412,-5.23,-22.03,-19.73,30.03
15.375980,-5.34,-22.22,-19.65,30.14
15.384299,-5.19,-22.31,-19.69,30.21
15.395515,-5.21,-22.69,-19.78,30.55
15.404590,-5.46,-22.67,-19.46,30.37
15.414901,-5.68,-22.65,-19.31,30.30
15.424712,-5.72,-22.88,-19.12,30.36
15.434816,-5.87,-22.99,-19.22,30.53
15.444383,-5.96,-22.80,-19.05,30.30
15.455175,-6.04,-22.69,-18.92,30.15
15.464463,-6.19,-22.86,-18.98,30.34
15.474936,-6.02,-22.67,-18.94,30.15
15.484850,-6.00,-22.67,-19.37,30.41
15.494677,-5.89,-22.52,-19.39,30.29
15.504926,-5.74,-22.18,-19.54,30.11
15.515012,-5.78,-21.90,-19.29,29.75
15.526971,-5.76,-22.01,-19.28,29.82
15.534463,-5.51,-22.18,-19.28,29.90
15.545318,-5.31,-21.92,-19.16,29.59
15.554777,-5.44,-22.11,-18.99,29.65
15.564600,-5.34,-22.11,-18.68,29.43
15.575468,-5.25,-22.29,-18.84,29.66
15.585740,-5.42,-22.33,-18.84,29.72
15.595540,-5.42,-22.63,-19.01,30.05
15.605393,-5.31,-22.71,-19.03,30.10
15.615191,-5.44,-22.63,-18.99,30.04
15.628062,-5.62,-22.65,-19.07,30.14
15.636073,-5.42,-22.59,-19.11,30.08
15.644395,-5.48,-22.69,-19.28,30.27
15.654336,-5.61,-22.56,-19.14,30.11
15.666350,-5.49,-22.39,-19.52,30.21
15.675414,-5.51,-22.41,-19.76,30.38
15.684377,-5.64,-22.24,-19.76,30.28
15.694605,-5.68,-22.18,-19.82,30.28
15.704390,-5.42,-22.29,-19.67,30.22
15.715636,-5.42,-22.48,-19.71,30.38
15.726082,-5.38,-22.37,-19.46,30.13
15.739099,-5.59,-22.48,-19.43,30.23
15.746111,-5.79,-22.71,-19.01,30.18
15.754634,-5.89,-22.52,-18.79,29.91
15.764509,-5.79,-22.48,-18.79,29.87
15.776052,-5.96,-22.67,-18.98,30.16
15.785281,-6.17,-22.78,-19.03,30.32
15.794827,-6.47,-22.43,-19.14,30.19
15.805664,-6.39,-22.31,-19.41,30.25
15.815658,-6.19,-22.22,-19.11,29.95
15.833059,-5.94,-22.07,-19.29,29.91
15.838341,-5.81,-22.20,-19.39,30.04
15.845792,-5.96,-22.22,-19.28,30.01
15.855567,-5.66,-21.96,-19.07,29.63
15.864929,-5.68,-21.71,-19.24,29.56
15.875618,-5.59,-21.81,-19.11,29.53
15.885332,-5.62,-22.11,-18.88,29.61
15.894659,-5.70,-22.09,-19.11,29.76
15.906050,-5.87,-22.16,-19.07,29.82
15.914558,-5.98,-22.12,-19.14,29.86
15.924999,-5.94,-22.35,-19.37,30.17
15.934351,-6.09,-22.43,-19.59,30.40
15.944697,-5.85,-22.33,-19.35,30.12
15.955212,-5.81,-22.43,-19.43,30.23
15.965422,-5.94,-22.16,-19.65,30.21
15.974614,-6.00,-22.31,-19.84,30.45
15.984961,-5.96,-22.31,-19.78,30.41
15.996584,-5.76,-22.35,-19.59,30.27
16.004476,-5.61,-22.14,-19.44,30.00
16.015656,-5.48,-22.24,-19.44,30.04
16.024554,-5.87,-22.50,-19.54,30.37
16.036220,-5.89,-22.35,-19.61,30.31
16.045119,-5.94,-22.29,-19.59,30.27
16.058031,-5.96,-22.07,-19.58,30.10
16.065922,-5.87,-22.16,-19.54,30.12
16.075148,-5.89,-22.18,-19.61,30.19
16.086137,-5.79,-22.31,-19.78,30.38
16.095698,-5.91,-22.33,-19.44,30.19
16.104757,-5.57,-22.39,-19.37,30.12
16.114448,-5.51,-22.29,-19.52,30.14
16.124425,-5.38,-22.50,-19.26,30.10
16.135421,-5.19,-22.56,-19.24,30.10
16.147077,-5.14,-22.67,-19.22,30.16
16.155548,-5.33,-22.54,-19.12,30.03
16.164352,-5.53,-22.52,-19.14,30.07
16.175250,-5.48,-22.56,-19.46,30.29
16.184681,-5.66,-22.26,-19.73,30.27
16.195650,-5.68,-22.29,-19.58,30.21
16.205319,-5.81,-22.35,-19.50,30.23
16.215310,-5.85,-22.35,-19.41,30.17
16.224929,-6.06,-22.01,-19.48,30.01
16.238901,-6.09,-22.07,-19.63,30.16
16.244437,-6.09,-21.98,-19.48,29.99
16.254948,-6.13,-21.75,-19.59,29.91
16.264628,-6.21,-21.90,-19.31,29.85
16.275245,-6.23,-21.79,-19.29,29.76
16.284673,-6.28,-21.58,-19.73,29.90
16.295788,-6.49,-21.54,-19.80,29.97
16.305508,-6.56,-21.68,-19.74,30.04
16.315876,-6.38,-21.62,-19.69,29.93
16.325442,-6.28,-21.71,-19.73,30.00
16.341011,-6.26,-21.71,-19.48,29.84
16.345313,-6.34,-21.77,-19.59,29.97
16.354741,-6.24,-21.96,-19.37,29.94
16.364604,-6.11,-22.07,-19.12,29.84
16.374834,-6.00,-22.35,-19.11,30.01
16.384958,-5.91,-22.54,-19.20,30.19
16.394978,-5.89,-22.52,-18.96,30.02
16.404386,-5.91,-22.41,-19.16,30.07
16.415200,-5.78,-22.46,-19.37,30.22
16.425126,-5.55,-22.28,-19.41,30.06
16.434654,-5.62,-22.29,-19.48,30.14
16.444882,-5.74,-22.24,-19.59,30.19
16.454976,-5.87,-22.12,-19.31,29.95
16.465576,-5.72,-22.01,-19.28,29.81
16.474593,-5.91,-22.05,-19.56,30.06
16.485533,-6.02,-22.09,-19.33,29.96
16.495422,-6.26,-22.24,-19.07,29.96
16.504517,-6.41,-22.20,-19.24,30.07
16.514699,-6.34,-22.11,-19.35,30.05
16.525237,-6.36,-22.09,-19.28,30.00
16.535802,-6.17,-22.05,-19.58,30.12
16.545573,-6.21,-21.96,-19.76,30.19
16.556004,-6.08,-21.86,-19.63,30.00
16.565287,-5.89,-21.83,-19.63,29.94
16.576062,-5.66,-21.64,-19.76,29.85
16.585483,-5.61,-21.75,-19.61,29.82
16.595279,-5.57,-21.83,-19.82,30.00
16.605452,-5.34,-21.99,-19.80,30.07
16.614489,-5.40,-22.09,-19.73,30.10
16.624521,-5.55,-22.09,-19.37,29.90
16.638007,-5.55,-22.24,-19.44,30.06
16.644543,-5.46,-22.46,-19.52,30.25
16.654635,-5.62,-22.86,-19.28,30.42
16.664433,-5.42,-22.91,-19.26,30.42
16.674974,-5.70,-22.84,-18.92,30.20
16.685371,-5.83,-22.71,-19.01,30.18
16.694712,-5.68,-22.78,-18.83,30.09
16.705372,-5.68,-22.84,-19.09,30.30
16.714613,-5.66,-22.82,-18.92,30.18
16.724667,-5.85,-22.56,-18.94,30.03
16.737905,-5.74,-22.29,-18.90,29.78
16.744683,-5.94,-22.44,-18.90,29.94
16.754550,-5.89,-22.61,-18.98,30.10
16.765777,-5.68,-22.46,-18.73,29.79
16.775338,-5.74,-22.20,-18.94,29.74
16.785371,-5.62,-22.09,-18.81,29.55
16.796237,-5.46,-22.14,-18.94,29.64
16.805353,-5.62,-22.28,-18.71,29.63
16.815703,-5.68,-22.07,-18.79,29.53
16.826496,-5.62,-21.98,-18.68,29.38
16.834604,-5.46,-22.12,-18.84,29.57
16.848032,-5.59,-22.46,-19.26,30.11
16.855216,-5.49,-22.63,-19.39,30.30
16.865156,-5.53,-22.69,-19.41,30.36
16.875828,-5.55,-22.65,-19.44,30.36
16.884787,-5.33,-22.67,-19.54,30.40
16.894659,-5.23,-22.67,-19.82,30.56
16.905189,-5.23,-22.67,-19.86,30.59
16.914611,-5.19,-22.80,-19.78,30.63
16.924992,-5.31,-22.48,-19.59,30.29
16.934603,-5.36,-22.46,-19.61,30.30
16.944489,-5.51,-22.67,-19.59,30.47
16.954643,-5.70,-22.65,-19.65,30.52
16.964626,-5.72,-22.58,-19.67,30.48
16.975255,-5.70,-22.69,-19.50,30.45
16.986335,-5.76,-22.69,-19.80,30.66
16.994678,-5.91,-22.46,-19.97,30.63
17.004447,-5.85,-22.65,-19.86,30.68
17.016312,-6.09,-22.56,-19.84,30.65
17.034993,-6.13,-22.33,-19.84,30.49
17.036147,-5.96,-22.52,-19.52,30.39
17.047785,-6.11,-22.56,-19.61,30.51
17.056302,-6.13,-22.54,-19.59,30.49
17.064810,-6.06,-22.48,-19.31,30.25
17.074608,-5.93,-22.35,-19.11,29.99
17.084500,-5.94,-22.28,-19.12,29.95
17.096076,-5.78,-22.18,-19.09,29.83
17.105249,-5.55,-22.31,-19.03,29.85
17.115468,-5.57,-22.14,-19.29,29.89
17.124412,-5.68,-22.22,-19.43,30.05
17.137893,-5.79,-22.43,-19.63,30.36
17.153161,-5.96,-22.61,-19.84,30.67
17.155232,-5.98,-22.63,-19.89,30.72
17.164800,-6.21,-22.59,-19.89,30.74
17.175295,-6.02,-22.59,-19.76,30.61
17.184533,-6.11,-22.59,-19.86,30.69
17.194722,-6.36,-22.71,-19.91,30.86
17.204576,-6.02,-22.69,-19.80,30.71
17.215493,-5.85,-22.63,-19.69,30.56
17.225516,-5.64,-22.48,-19.46,30.27
17.238972,-5.59,-22.56,-19.54,30.36
17.244397,-5.31,-22.44,-19.52,30.21
17.255234,-5.59,-22.56,-19.54,30.36
17.266267,-5.34,-22.54,-19.73,30.42
17.275640,-4.97,-22.43,-19.59,30.19
17.285359,-5.31,-22.18,-19.46,29.98
17.296206,-5.55,-22.18,-19.44,30.01
17.304428,-5.72,-22.39,-19.67,30.34
17.315785,-5.91,-22.18,-19.67,30.23
17.325891,-5.78,-22.28,-19.52,30.17
17.335871,-5.87,-22.28,-19.84,30.40
17.350527,-6.08,-22.16,-19.95,30.43
17.356819,-6.24,-22.20,-20.04,30.55
17.366923,-5.87,-22.54,-20.04,30.73
17.375272,-5.78,-22.54,-19.95,30.65
17.385128,-5.66,-22.39,-19.73,30.37
17.395298,-5.53,-22.46,-19.59,30.32
17.405103,-5.70,-22.50,-19.76,30.48
17.415574,-5.55,-22.56,-19.28,30.18
17.425194,-5.74,-22.54,-18.90,29.97
17.443081,-5.76,-22.52,-18.69,29.83
17.445887,-6.17,-22.18,-18.86,29.76
17.454436,-6.11,-22.12,-18.88,29.72
17.465781,-6.08,-22.22,-19.14,29.95
17.477643,-6.08,-22.05,-19.37,29.97
17.484856,-6.02,-22.07,-19.31,29.94
17.496537,-5.83,-22.07,-19.71,30.16
17.506366,-5.49,-22.16,-19.93,30.31
17.515373,-5.42,-22.24,-20.29,30.59
17.525263,-5.25,-22.50,-20.14,30.65
17.534872,-5.21,-22.69,-20.25,30.85
17.544336,-5.48,-22.59,-20.04,30.70
17.555137,-5.62,-22.88,-20.03,30.92
17.566061,-5.68,-22.73,-20.19,30.93
17.574639,-5.91,-22.67,-20.18,30.92
17.585071,-6.09,-22.69,-20.06,30.89
17.596134,-6.15,-22.71,-19.91,30.82
17.604401,-5.93,-22.54,-19.91,30.65
17.614711,-5.91,-22.48,-20.06,30.70
17.625209,-5.64,-22.48,-20.16,30.72
17.636336,-5.61,-22.54,-19.89,30.58
17.645717,-5.59,-22.39,-19.97,30.52
17.654843,-5.46,-22.39,-19.73,30.33
17.665215,-5.33,-22.33,-19.56,30.16
17.675616,-5.12,-22.31,-19.52,30.08
17.684521,-5.27,-22.56,-19.74,30.44
17.695320,-5.36,-22.33,-19.61,30.20
17.705165,-5.49,-22.39,-19.54,30.22
17.715042,-5.33,-22.35,-19.76,30.31
17.725328,-5.48,-22.33,-19.74,30.31
17.738857,-5.59,-22.37,-19.89,30.45
17.745186,-5.76,-22.33,-20.08,30.58
17.756062,-5.81,-22.28,-20.14,30.59
17.765406,-5.98,-22.12,-20.06,30.46
17.775425,-5.91,-21.98,-19.88,30.21
17.784321,-5.96,-21.66,-19.76,29.92
17.795680,-5.98,-21.73,-19.56,29.84
17.805198,-5.85,-21.98,-19.52,29.97
17.815898,-5.57,-22.16,-19.28,29.90
17.824547,-5.53,-22.31,-19.24,29.98
17.839209,-5.61,-22.28,-19.14,29.90
17.845106,-5.55,-22.29,-19.07,29.86
17.854581,-5.70,-22.48,-19.24,30.13
17.864457,-5.49,-22.84,-19.33,30.42
17.875057,-5.49,-22.88,-19.39,30.48
17.885238,-5.34,-22.65,-19.22,30.18
17.894852,-5.59,-22.43,-19.46,30.21
17.904458,-5.40,-22.50,-19.52,30.27
17.915424,-5.53,-22.63,-19.48,30.37
17.925473,-5.42,-22.74,-19.43,30.40
17.934572,-5.33,-22.86,-19.24,30.35
17.950667,-5.40,-22.78,-19.16,30.25
17.954936,-5.31,-22.48,-19.07,29.95
17.964243,-5.49,-22.56,-19.22,30.14
17.975332,-5.53,-22.56,-19.12,30.09
17.985677,-5.76,-22.50,-19.16,30.11
17.996278,-5.78,-22.35,-19.28,30.07
18.005159,-5.79,-22.41,-19.22,30.08
18.014837,-5.87,-22.37,-19.09,29.99
18.024680,-6.06,-22.33,-19.18,30.05
18.036124,-6.11,-22.41,-19.31,30.21
18.044800,-6.09,-22.69,-19.16,30.32
18.054925,-5.98,-22.86,-19.07,30.36
18.065272,-5.79,-22.76,-18.99,30.21
18.074695,-5.64,-22.84,-18.71,30.06
18.085462,-5.72,-22.56,-18.77,29.90
18.096830,-5.59,-22.50,-19.16,30.08
18.104558,-5.64,-22.61,-19.24,30.22
18.114868,-5.74,-22.56,-19.22,30.18
18.124650,-5.51,-22.37,-19.35,30.09
18.135658,-5.49,-22.29,-19.48,30.11
18.145030,-5.59,-22.31,-19.56,30.19
18.155096,-5.87,-22.37,-19.82,30.46
18.164378,-5.83,-22.33,-19.95,30.51
18.175616,-5.93,-22.33,-19.76,30.40
18.185088,-5.81,-22.35,-19.67,30.33
18.195731,-5.66,-22.37,-19.76,30.38
18.205821,-5.89,-22.56,-19.78,30.57
18.215927,-6.00,-22.28,-19.93,30.49
18.225429,-5.93,-22.37,-19.91,30.53
18.238821,-5.62,-22.41,-19.99,30.55
18.245346,-5.62,-22.65,-19.89,30.67
18.255082,-5.57,-22.82,-19.97,30.83
18.264427,-5.34,-22.46,-20.04,30.58
18.274682,-5.57,-22.58,-19.76,30.52
18.284354,-5.42,-22.46,-19.69,30.36
18.294644,-5.51,-22.73,-19.50,30.45
18.304752,-5.68,-22.69,-19.63,30.53
18.314722,-5.68,-22.56,-19.37,30.27
